timestamp,open,high,low,close,volume_btc,volume_usd
2023-01-01 00:00:00,30240.07,30373.09,30129.28,30304.03,4098.6781,124206458.22
2023-01-01 01:00:00,30134.31,30247.26,30034.33,30226.29,2217.1297,67015605.16
2023-01-01 02:00:00,30449.27,30891.18,30374.4,30623.88,4002.3145,122566398.94
2023-01-01 03:00:00,31483.5,31683.91,31427.51,31562.83,3017.5325,95241854.48
2023-01-01 04:00:00,31473.37,31634.75,31350.47,31421.33,4444.3177,139646362.32
2023-01-01 05:00:00,31323.39,31507.97,31066.29,31280.47,2113.6185,66114989.21
2023-01-01 06:00:00,32277.06,32336.32,32083.52,32274.7,3061.0917,98795817.45
2023-01-01 07:00:00,32687.73,33032.31,32687.58,32776.53,3187.0915,104461802.26
2023-01-01 08:00:00,32694.57,32853.08,32276.76,32475.33,2145.1764,69665313.64
2023-01-01 09:00:00,32773.14,32888.95,32538.58,32834.22,807.129,26501453.38
2023-01-01 10:00:00,32325.4,32691.04,32126.07,32536.47,558.4411,18169701.8
2023-01-01 11:00:00,32304.17,32909.51,31942.95,32239.91,181.6906,5857689.09
2023-01-01 12:00:00,32276.1,32549.05,32055.45,32402.38,4380.3179,141932715.84
2023-01-01 13:00:00,31085.88,31511.14,30974.43,31168.96,1258.7271,39233215.97
2023-01-01 14:00:00,30101.3,30162.11,30096.74,30099.92,1136.3831,34205036.86
2023-01-01 15:00:00,29972.66,30284.6,29736.9,29767.44,3706.5735,110335208.53
2023-01-01 16:00:00,29167.92,29209.24,29133.4,29170.41,1668.079,48658542.2
2023-01-01 17:00:00,29462.07,29463.72,29259.29,29359.58,2579.619,75736518.98
2023-01-01 18:00:00,28999.71,29101.44,28714.55,28832.26,896.3042,25842479.48
2023-01-01 19:00:00,27872.3,28160.86,27721.46,28023.63,4802.754,134590610.43
2023-01-01 20:00:00,28766.88,28987.27,28583.49,28850.69,4272.7489,123271763.47
2023-01-01 21:00:00,28677.81,28745.0,28612.62,28726.19,4332.5692,124458189.85
2023-01-01 22:00:00,28756.73,28811.67,28649.75,28770.73,2093.1914,60222640.29
2023-01-01 23:00:00,27941.97,28076.83,27868.12,27956.66,3835.5699,107229731.28
2023-01-02 00:00:00,27756.03,27840.85,27492.58,27657.87,804.9932,22264396.63
2023-01-02 01:00:00,27768.63,27849.5,27688.74,27724.76,142.2331,3943378.88
2023-01-02 02:00:00,27144.93,27165.46,26607.68,27092.08,197.8674,5360639.46
2023-01-02 03:00:00,27257.94,27460.65,27252.63,27301.07,2974.3485,81202901.59
2023-01-02 04:00:00,27150.12,27258.66,26475.85,26978.57,2331.435,62898783.71
2023-01-02 05:00:00,26949.31,27065.42,26698.75,26826.58,2638.2752,70775891.16
2023-01-02 06:00:00,26574.94,26718.76,26423.6,26509.11,136.5694,3620332.52
2023-01-02 07:00:00,27265.58,27658.08,27088.64,27496.45,2171.1644,59699322.32
2023-01-02 08:00:00,27550.34,27640.97,27178.92,27494.53,3618.534,99489892.92
2023-01-02 09:00:00,26767.7,26998.9,26661.47,26918.4,2269.1991,61083219.28
2023-01-02 10:00:00,27278.19,27420.72,27169.4,27366.62,3687.8741,100924648.08
2023-01-02 11:00:00,26518.18,26801.53,26384.47,26703.89,1241.7929,33160696.33
2023-01-02 12:00:00,26844.24,26866.53,26794.11,26820.78,4084.3958,109546664.86
2023-01-02 13:00:00,25870.86,25950.88,25583.66,25774.94,2983.3131,76894723.2
2023-01-02 14:00:00,24905.59,25513.97,24801.8,25095.42,1132.7392,28426564.7
2023-01-02 15:00:00,25156.05,25398.45,25106.45,25199.24,1259.9303,31749292.54
2023-01-02 16:00:00,25567.51,25595.95,25532.85,25576.46,3177.3493,81265347.92
2023-01-02 17:00:00,25618.13,25852.91,25545.92,25669.24,4166.704,106956106.68
2023-01-02 18:00:00,25555.95,25695.44,25546.31,25615.0,2136.5761,54728391.97
2023-01-02 19:00:00,25454.6,25493.53,25422.77,25465.86,1365.6721,34778021.33
2023-01-02 20:00:00,24772.96,24971.2,24663.47,24717.92,4348.3569,107482342.96
2023-01-02 21:00:00,24242.2,24398.72,24215.64,24367.0,3379.4146,82346209.21
2023-01-02 22:00:00,23964.67,24331.85,23749.24,24147.39,2295.6189,55433203.41
2023-01-02 23:00:00,24605.78,24790.67,24598.91,24662.75,2490.711,61427791.15
2023-01-03 00:00:00,25014.26,25232.67,24674.62,24837.18,1100.8567,27342173.45
2023-01-03 01:00:00,24012.35,24119.39,23814.41,23966.37,3171.3329,76005326.05
2023-01-03 02:00:00,24170.42,24215.96,24094.71,24126.5,1857.8383,44823139.51
2023-01-03 03:00:00,23910.58,24123.32,23883.67,23945.51,4978.6614,119216603.13
2023-01-03 04:00:00,23669.96,23673.62,23442.87,23626.12,2452.8992,57952485.89
2023-01-03 05:00:00,23854.24,23980.32,23825.35,23919.87,2480.8395,59341366.77
2023-01-03 06:00:00,24477.72,24677.27,24328.18,24417.89,2872.6738,70144618.13
2023-01-03 07:00:00,25018.22,25276.75,24783.84,24877.57,4592.1044,114240383.54
2023-01-03 08:00:00,24496.88,24569.23,24401.99,24464.99,4024.0087,98447325.67
2023-01-03 09:00:00,24462.89,24661.87,24159.17,24318.58,2310.5373,56188995.97
2023-01-03 10:00:00,24552.02,24651.07,24462.07,24484.56,3621.6264,88673945.86
2023-01-03 11:00:00,24795.69,25160.27,24713.41,24967.18,2972.5539,74216282.04
2023-01-03 12:00:00,24917.15,25167.1,24731.26,24732.9,2512.5985,62143844.38
2023-01-03 13:00:00,24524.99,24770.26,24233.78,24646.01,1042.3473,25689698.82
2023-01-03 14:00:00,24113.1,24132.05,24087.9,24105.6,2373.2877,57209527.78
2023-01-03 15:00:00,23416.78,23624.11,23055.28,23533.72,1304.5111,30699994.76
2023-01-03 16:00:00,23702.61,24183.59,23622.14,23920.86,4582.7265,109622755.3
2023-01-03 17:00:00,24558.86,24664.23,24485.86,24574.49,1743.4934,42845463.76
2023-01-03 18:00:00,24471.85,24649.15,24406.13,24544.01,4766.0937,116979071.53
2023-01-03 19:00:00,25036.46,25213.4,24979.86,25041.54,2711.9709,67911922.03
2023-01-03 20:00:00,25258.82,25352.28,24986.99,25227.66,3194.5675,80591475.79
2023-01-03 21:00:00,24827.96,25025.94,24718.72,24907.21,2760.4082,68754073.56
2023-01-03 22:00:00,24943.35,25259.69,24798.94,25092.22,733.965,18416812.76
2023-01-03 23:00:00,25897.37,26194.45,25726.78,25869.09,1941.524,50225467.68
2023-01-04 00:00:00,25824.53,25910.68,25810.39,25855.73,585.816,15146700.71
2023-01-04 01:00:00,26722.34,26793.78,26631.33,26670.0,3152.4748,84076516.51
2023-01-04 02:00:00,25353.31,25525.66,25023.32,25277.97,2289.6836,57878542.9
2023-01-04 03:00:00,25767.06,25824.75,25612.07,25698.54,3912.1264,100535943.51
2023-01-04 04:00:00,25836.72,25896.46,25486.25,25748.42,1180.3054,30390999.64
2023-01-04 05:00:00,25577.38,25685.01,25447.37,25599.59,906.3737,23202796.28
2023-01-04 06:00:00,25690.33,25802.98,25644.47,25651.69,2091.0279,53638405.24
2023-01-04 07:00:00,24537.18,25073.79,24520.97,24637.13,4640.2684,114322907.23
2023-01-04 08:00:00,24478.32,24583.91,24467.83,24533.82,3581.0669,87857244.48
2023-01-04 09:00:00,24804.81,25050.81,24690.33,24713.95,2152.7258,53202360.62
2023-01-04 10:00:00,25435.22,25461.99,25277.69,25449.39,2634.6336,67049809.82
2023-01-04 11:00:00,25295.12,25341.22,25176.03,25190.68,512.6438,12913846.47
2023-01-04 12:00:00,24847.96,24910.69,24684.98,24788.39,4924.4219,122068496.78
2023-01-04 13:00:00,24639.96,24680.24,24492.12,24544.59,3365.3958,82602273.31
2023-01-04 14:00:00,25202.4,25282.86,24955.22,24998.87,1498.4799,37460299.65
2023-01-04 15:00:00,25152.82,25249.94,25015.59,25168.23,2970.4611,74761261.55
2023-01-04 16:00:00,24839.61,24968.57,24728.07,24906.61,636.4636,15852147.52
2023-01-04 17:00:00,25187.7,25226.99,25061.54,25167.26,4832.5997,121623300.35
2023-01-04 18:00:00,25167.22,25319.41,24646.91,25221.16,956.4464,24122687.36
2023-01-04 19:00:00,25732.91,25870.38,25691.11,25714.81,3275.3486,84224965.2
2023-01-04 20:00:00,25460.8,25648.37,25042.79,25358.89,1302.7269,33035706.69
2023-01-04 21:00:00,25253.83,25344.94,25175.21,25197.78,3616.0508,91116445.89
2023-01-04 22:00:00,24978.42,25113.78,24921.47,25005.21,3906.4247,97680980.93
2023-01-04 23:00:00,24228.95,24296.38,24166.76,24278.3,3399.7567,82540325.31
2023-01-05 00:00:00,24414.14,24430.57,24301.86,24426.95,3111.0474,75993383.94
2023-01-05 01:00:00,24447.04,24580.5,24280.89,24559.37,4473.0986,109856466.78
2023-01-05 02:00:00,24663.15,24704.39,24459.06,24566.79,485.2709,11921547.9
2023-01-05 03:00:00,24390.73,24761.58,24323.56,24456.44,1721.4824,42101333.83
2023-01-05 04:00:00,23674.88,23916.41,23596.99,23769.03,1316.6087,31294517.0
2023-01-05 05:00:00,23476.15,23708.86,23441.92,23573.82,4941.2684,116484582.42
2023-01-05 06:00:00,23465.64,23569.48,23261.19,23416.96,2008.0099,47021477.98
2023-01-05 07:00:00,23095.12,23334.04,23005.86,23045.9,3689.8022,85034815.32
2023-01-05 08:00:00,22948.68,23009.52,22856.84,22976.17,3455.1533,79386190.65
2023-01-05 09:00:00,23091.88,23261.39,22965.45,23166.44,1139.1981,26391159.43
2023-01-05 10:00:00,24032.93,24179.26,23971.79,24044.99,1271.0886,30563318.23
2023-01-05 11:00:00,24060.65,24331.97,23898.6,24133.76,1478.2944,35676797.18
2023-01-05 12:00:00,24327.17,24372.41,24237.43,24262.9,2114.5237,51304470.09
2023-01-05 13:00:00,24262.69,24416.15,24186.46,24231.62,1248.1928,30245739.41
2023-01-05 14:00:00,23250.83,23336.39,23142.86,23306.57,196.2923,4574899.76
2023-01-05 15:00:00,23186.58,23303.63,22917.45,23298.87,4409.026,102725340.95
2023-01-05 16:00:00,23488.51,23545.0,23263.43,23331.6,4831.4882,112726348.25
2023-01-05 17:00:00,24465.39,24830.69,24456.69,24485.69,1773.6949,43430149.86
2023-01-05 18:00:00,24433.54,24514.28,24254.73,24396.39,1758.6837,42905531.81
2023-01-05 19:00:00,24489.47,24674.02,24381.6,24548.4,134.7499,3307894.23
2023-01-05 20:00:00,24533.07,24591.74,24501.88,24536.27,3433.2284,84238614.44
2023-01-05 21:00:00,23901.36,24065.88,23751.69,23967.68,4144.6555,99337760.51
2023-01-05 22:00:00,24522.02,24580.47,24359.29,24520.29,818.3807,20066927.99
2023-01-05 23:00:00,25113.98,25611.91,24856.44,24893.94,882.3651,21965546.04
2023-01-06 00:00:00,25276.39,25336.98,25047.12,25292.76,3971.4079,100447863.54
2023-01-06 01:00:00,24759.57,24912.9,24563.77,24837.8,3119.8247,77489578.61
2023-01-06 02:00:00,25398.46,25628.74,25371.16,25539.61,319.8167,8167995.65
2023-01-06 03:00:00,24775.8,24857.82,24750.71,24828.67,3150.4803,78222223.43
2023-01-06 04:00:00,25041.83,25364.22,24919.98,25125.05,1613.6968,40544213.49
2023-01-06 05:00:00,26073.14,26314.41,25791.49,26230.78,1906.7533,50015627.09
2023-01-06 06:00:00,25753.43,25830.0,25597.93,25716.38,3871.6839,99565681.19
2023-01-06 07:00:00,25422.64,25566.38,25258.52,25430.26,4073.5824,103592248.55
2023-01-06 08:00:00,25379.68,25981.2,25222.73,25486.03,2061.7475,52545750.22
2023-01-06 09:00:00,25431.13,25432.04,25091.29,25234.49,4741.0494,119637970.91
2023-01-06 10:00:00,24409.3,24519.69,24378.47,24456.93,2091.6673,51155770.45
2023-01-06 11:00:00,24710.65,25027.37,24242.79,24495.36,3881.9966,95090913.74
2023-01-06 12:00:00,23914.76,24109.69,23704.94,23979.83,2470.9986,59254129.73
2023-01-06 13:00:00,24381.21,24487.07,23706.53,24211.76,4497.9084,108902281.83
2023-01-06 14:00:00,23800.31,23973.25,23650.83,23771.39,4548.0301,108112976.45
2023-01-06 15:00:00,24615.0,24877.99,24383.76,24513.02,528.3424,12951267.6
2023-01-06 16:00:00,24277.99,24361.75,23833.54,24133.93,4688.8173,113159570.36
2023-01-06 17:00:00,23907.16,24141.59,23881.07,23983.3,4145.1207,99413676.41
2023-01-06 18:00:00,24458.07,24629.91,24309.72,24378.31,3977.4225,96962853.98
2023-01-06 19:00:00,23768.74,23817.47,23760.83,23783.06,1084.4656,25791911.29
2023-01-06 20:00:00,23869.7,23934.53,23817.08,23896.01,4045.0841,96661378.96
2023-01-06 21:00:00,24464.55,24590.87,24434.12,24525.5,4265.6504,104617214.16
2023-01-06 22:00:00,23749.81,23897.92,23706.6,23741.92,1516.8366,36012613.67
2023-01-06 23:00:00,23709.85,23988.03,23467.25,23834.34,4766.0744,113596234.12
2023-01-07 00:00:00,23988.15,24085.32,23795.59,23962.99,344.3147,8250809.75
2023-01-07 01:00:00,24348.98,24385.12,24301.82,24342.48,834.5553,20315144.81
2023-01-07 02:00:00,23838.97,23846.77,23687.51,23745.14,2734.1476,64922709.69
2023-01-07 03:00:00,23212.72,23287.94,23100.15,23122.8,2921.3831,67550551.17
2023-01-07 04:00:00,23343.71,23901.47,23134.16,23368.8,3261.2354,76211149.64
2023-01-07 05:00:00,23476.69,23538.98,23460.35,23512.27,183.1487,4306243.33
2023-01-07 06:00:00,23547.23,23678.66,23151.31,23634.77,4805.7972,113583912.72
2023-01-07 07:00:00,23675.53,24043.98,23638.21,23803.26,318.4817,7580902.17
2023-01-07 08:00:00,23285.15,23571.24,22963.53,23484.29,801.0036,18810997.07
2023-01-07 09:00:00,23541.38,23634.86,23276.15,23598.07,168.6711,3980313.16
2023-01-07 10:00:00,23673.16,24000.71,23586.51,23741.11,2877.6063,68317562.04
2023-01-07 11:00:00,23562.43,23825.09,23351.71,23406.67,4668.1077,109264839.36
2023-01-07 12:00:00,24310.05,24412.05,24010.44,24284.78,3363.1411,81673137.81
2023-01-07 13:00:00,24469.0,24544.85,24394.49,24519.77,4131.0216,101291716.92
2023-01-07 14:00:00,23950.98,23955.81,23895.26,23940.47,165.0779,3952042.17
2023-01-07 15:00:00,24093.63,24363.52,23640.71,24259.62,2755.875,66856480.61
2023-01-07 16:00:00,23771.14,23827.16,23752.26,23791.56,2351.8586,55954394.7
2023-01-07 17:00:00,24217.06,24355.88,23797.01,24170.84,2544.9429,61513413.44
2023-01-07 18:00:00,24733.5,24850.92,24705.25,24735.76,453.8446,11226191.67
2023-01-07 19:00:00,24299.13,24447.47,24295.1,24334.7,3453.7333,84045576.55
2023-01-07 20:00:00,24942.08,25027.26,24764.86,24808.44,2565.78,63653000.83
2023-01-07 21:00:00,25158.73,25307.32,25016.16,25018.21,3849.2294,96300832.55
2023-01-07 22:00:00,25455.26,25530.39,25366.32,25434.54,2477.9241,63024870.14
2023-01-07 23:00:00,26431.75,26555.72,26242.91,26404.51,831.97,21967762.62
2023-01-08 00:00:00,26343.6,26410.1,26220.9,26280.21,3276.4591,86106020.11
2023-01-08 01:00:00,25845.04,25950.07,25843.73,25889.3,944.6932,24457440.66
2023-01-08 02:00:00,25381.47,25442.3,25137.64,25433.9,4374.7334,111266509.96
2023-01-08 03:00:00,24896.03,25087.17,24714.94,25024.0,3104.2696,77681233.51
2023-01-08 04:00:00,24979.38,25106.96,24829.37,24990.41,870.299,21749133.3
2023-01-08 05:00:00,25184.04,25225.42,25049.49,25165.92,4815.4565,121185406.79
2023-01-08 06:00:00,25217.16,25345.4,25045.94,25310.22,2639.9908,66818746.46
2023-01-08 07:00:00,25925.98,26080.42,25631.08,25734.01,457.2024,11765649.47
2023-01-08 08:00:00,25937.47,25978.83,25562.85,25745.84,3171.4812,81652461.6
2023-01-08 09:00:00,26564.56,26791.54,26388.09,26499.44,1340.6746,35527130.76
2023-01-08 10:00:00,26373.2,26437.33,26133.22,26364.48,4038.0979,106462340.8
2023-01-08 11:00:00,27958.51,28017.97,27705.64,27804.07,4107.3282,114200427.21
2023-01-08 12:00:00,27979.53,28219.29,27538.23,28157.55,4896.842,137883073.28
2023-01-08 13:00:00,27812.63,27867.56,27401.06,27680.47,2559.1607,70838776.39
2023-01-08 14:00:00,26920.68,27107.35,26443.62,27093.15,2329.2887,63107773.06
2023-01-08 15:00:00,27452.85,27528.49,27346.42,27360.0,3792.0305,103749970.97
2023-01-08 16:00:00,27137.71,27448.89,27102.36,27243.2,749.1062,20408048.77
2023-01-08 17:00:00,27708.58,27769.67,27606.97,27637.68,2779.886,76829598.81
2023-01-08 18:00:00,28067.95,28288.99,27713.25,27904.79,2776.6132,77480811.71
2023-01-08 19:00:00,27819.94,27943.58,27736.86,27869.73,538.4183,15005570.7
2023-01-08 20:00:00,27393.21,27469.18,27330.42,27403.3,2148.122,58865636.52
2023-01-08 21:00:00,26712.74,26761.83,26501.75,26578.55,4281.0955,113785295.67
2023-01-08 22:00:00,26341.72,26457.5,26296.12,26346.51,4295.1527,113162275.06
2023-01-08 23:00:00,26953.41,27221.46,26619.96,26803.04,586.2646,15713672.04
2023-01-09 00:00:00,26949.04,27015.52,26896.77,26923.17,544.5323,14660534.87
2023-01-09 01:00:00,26219.37,26285.71,26018.65,26257.77,1387.2078,36424980.46
2023-01-09 02:00:00,26305.62,26421.11,26239.48,26353.97,4386.3537,115597814.92
2023-01-09 03:00:00,26478.78,26640.79,26420.73,26562.33,731.6227,19433602.18
2023-01-09 04:00:00,26155.55,26200.87,26069.87,26098.1,3627.9843,94683481.54
2023-01-09 05:00:00,26165.44,26257.53,26146.23,26183.55,595.7115,15597845.03
2023-01-09 06:00:00,26223.43,26229.22,26217.82,26219.27,3153.3755,82679211.69
2023-01-09 07:00:00,25622.21,25788.47,25559.53,25625.16,1844.7298,47271494.56
2023-01-09 08:00:00,25842.16,25947.89,25783.34,25813.65,3965.6784,102368641.61
2023-01-09 09:00:00,26222.41,26501.06,26075.24,26108.33,1245.0832,32507046.03
2023-01-09 10:00:00,26816.28,26867.6,26537.34,26679.09,3232.089,86229183.64
2023-01-09 11:00:00,27201.51,27320.35,26953.09,27246.71,1254.8444,34190385.33
2023-01-09 12:00:00,26612.4,26643.55,26266.17,26501.42,3596.9354,95323905.39
2023-01-09 13:00:00,26093.5,26520.35,25756.01,26009.65,4381.0224,113948854.53
2023-01-09 14:00:00,26293.17,26317.93,26196.63,26282.77,721.3288,18958518.47
2023-01-09 15:00:00,26680.65,26815.57,26536.67,26558.1,4346.3189,115429969.83
2023-01-09 16:00:00,26750.95,26850.7,26622.73,26836.99,3008.5187,80739572.59
2023-01-09 17:00:00,28786.21,29192.25,28704.67,28910.27,722.8414,20897537.58
2023-01-09 18:00:00,29387.99,29404.14,29239.18,29246.14,2194.9551,64193964.71
2023-01-09 19:00:00,29892.54,30078.25,29509.63,29916.21,888.2154,26572037.65
2023-01-09 20:00:00,30642.37,30839.42,30352.0,30492.99,3531.7047,107692246.69
2023-01-09 21:00:00,31096.42,31236.27,30690.02,30896.35,3818.4539,117976284.45
2023-01-09 22:00:00,30476.69,30738.54,30214.3,30707.72,618.4029,18989741.68
2023-01-09 23:00:00,31368.56,31524.83,31076.66,31179.98,2580.0853,80447010.0
2023-01-10 00:00:00,30673.61,31220.38,30419.4,30704.28,4091.6628,125631573.83
2023-01-10 01:00:00,30566.68,30592.57,30557.13,30565.0,4687.1989,143264222.53
2023-01-10 02:00:00,30304.83,30524.99,30122.49,30274.41,2616.2375,79205042.23
2023-01-10 03:00:00,30396.16,30459.3,30190.99,30330.04,4756.3682,144260820.69
2023-01-10 04:00:00,31515.62,31852.73,31426.24,31740.18,2724.876,86488042.45
2023-01-10 05:00:00,30548.11,30665.25,30513.18,30561.18,2031.5334,62086053.63
2023-01-10 06:00:00,31037.08,31089.87,30933.44,30986.75,4256.1953,131885652.82
2023-01-10 07:00:00,30119.77,30666.31,29657.79,29993.49,2515.6153,75452079.52
2023-01-10 08:00:00,29750.17,29774.63,29681.31,29716.39,2412.3223,71685510.65
2023-01-10 09:00:00,30158.4,30613.58,30080.64,30369.53,2502.5312,76000688.86
2023-01-10 10:00:00,30351.96,30422.28,30344.94,30414.64,4249.2465,129239319.88
2023-01-10 11:00:00,29737.72,29901.52,29720.01,29765.14,4176.5136,124314520.94
2023-01-10 12:00:00,29455.05,29464.5,29224.45,29345.27,2077.248,60957408.88
2023-01-10 13:00:00,29691.74,29974.38,29537.46,29750.0,1733.1693,51561790.26
2023-01-10 14:00:00,29242.72,29490.9,29082.82,29321.38,2510.4473,73609788.98
2023-01-10 15:00:00,29583.66,29592.43,29385.19,29454.19,2906.5853,85611101.81
2023-01-10 16:00:00,29240.07,29726.03,28943.05,29486.92,1267.8523,37385062.46
2023-01-10 17:00:00,29298.19,29368.0,29016.94,29108.55,3990.3799,116154154.65
2023-01-10 18:00:00,30414.42,30664.55,30332.78,30362.51,2483.7656,75413353.72
2023-01-10 19:00:00,30896.52,31097.73,30638.54,30753.53,1736.8232,53413442.01
2023-01-10 20:00:00,29418.65,29877.15,29177.96,29514.07,623.4229,18399748.55
2023-01-10 21:00:00,29499.23,29666.93,29307.62,29630.04,1270.3413,37640259.67
2023-01-10 22:00:00,29321.72,29361.59,29084.87,29243.79,4751.4777,138951208.43
2023-01-10 23:00:00,29816.08,29846.53,29707.83,29748.2,1594.9885,47448043.04
2023-01-11 00:00:00,29336.98,29552.13,29142.79,29282.63,927.4105,27157021.61
2023-01-11 01:00:00,29062.49,29582.79,28978.05,29221.29,2357.2967,68883258.32
2023-01-11 02:00:00,29580.04,29832.93,29411.93,29522.27,1604.7299,47375263.37
2023-01-11 03:00:00,30143.38,30174.14,29979.33,30039.35,272.2803,8179124.3
2023-01-11 04:00:00,29396.93,29464.7,29183.4,29324.24,1683.4116,49364758.66
2023-01-11 05:00:00,29185.12,29331.0,29065.65,29133.92,2766.1323,80588279.68
2023-01-11 06:00:00,28997.89,29285.84,28672.16,28863.01,2803.3906,80914285.32
2023-01-11 07:00:00,28520.28,28667.48,28318.73,28491.64,1847.1387,52628010.21
2023-01-11 08:00:00,29267.35,29565.53,28805.9,29503.35,2291.7835,67615294.27
2023-01-11 09:00:00,29743.71,29948.21,29592.76,29748.22,4831.0378,143714768.03
2023-01-11 10:00:00,28794.64,29149.93,28524.28,29003.99,1949.0075,56528989.53
2023-01-11 11:00:00,29506.02,29706.13,29415.39,29542.22,1365.3114,40334330.71
2023-01-11 12:00:00,30785.82,30854.9,30772.77,30801.99,1292.9885,39826624.03
2023-01-11 13:00:00,31246.36,31567.07,30919.7,31444.19,2343.0466,73675211.43
2023-01-11 14:00:00,30406.13,30656.08,30251.97,30494.98,3821.6487,116541083.81
2023-01-11 15:00:00,30040.95,30382.24,29936.4,30205.74,1109.3421,33508499.38
2023-01-11 16:00:00,31142.21,31438.05,30630.1,30977.14,3575.551,110760348.77
2023-01-11 17:00:00,30794.65,30856.16,30236.09,30544.91,203.6341,6219985.3
2023-01-11 18:00:00,30711.13,30980.21,30663.7,30822.14,2152.7716,66353032.73
2023-01-11 19:00:00,31422.38,31488.1,31286.45,31305.82,3901.7388,122147150.84
2023-01-11 20:00:00,30741.55,30897.8,30427.92,30731.72,1759.7915,54081417.78
2023-01-11 21:00:00,30632.57,30740.79,30531.22,30701.28,2862.3118,87876633.79
2023-01-11 22:00:00,28503.36,29015.29,28320.42,28717.2,1104.3982,31715223.43
2023-01-11 23:00:00,28134.92,28185.43,28083.74,28134.59,3735.7774,105104569.72
2023-01-12 00:00:00,28083.04,28159.65,27932.92,27998.1,356.1676,9972016.21
2023-01-12 01:00:00,27353.35,27409.85,27212.82,27304.99,4277.459,116795967.08
2023-01-12 02:00:00,27989.98,28461.61,27988.32,28201.91,1071.1623,30208821.29
2023-01-12 03:00:00,27294.14,27486.05,27267.19,27400.89,4384.5504,120140603.17
2023-01-12 04:00:00,27119.47,27261.45,27031.9,27165.22,1827.3933,49641545.58
2023-01-12 05:00:00,27178.36,27289.3,27065.68,27241.69,3641.1495,99191058.09
2023-01-12 06:00:00,27919.76,28208.85,27852.53,28032.39,1664.204,46651615.11
2023-01-12 07:00:00,27194.62,27310.65,27049.77,27232.98,4538.9672,123609620.49
2023-01-12 08:00:00,27993.41,28100.42,27843.97,27871.96,720.5219,20082357.21
2023-01-12 09:00:00,28024.18,28225.96,27719.69,27883.24,974.747,27179101.31
2023-01-12 10:00:00,27305.66,27461.69,27043.4,27341.46,2515.8476,68786950.62
2023-01-12 11:00:00,27683.91,27731.48,27583.25,27599.62,501.4984,13841164.66
2023-01-12 12:00:00,27635.6,28179.29,27391.49,27715.02,1060.3029,29386317.1
2023-01-12 13:00:00,27376.28,27531.5,27013.41,27387.86,4724.4553,129392735.52
2023-01-12 14:00:00,27369.56,27435.09,27285.89,27431.58,4884.7993,133997742.11
2023-01-12 15:00:00,27250.28,27329.98,27121.25,27225.67,1943.6707,52917730.99
2023-01-12 16:00:00,27362.92,27431.35,27223.5,27292.92,4624.1015,126205248.67
2023-01-12 17:00:00,27701.69,27836.8,27610.65,27659.81,2769.6409,76607746.19
2023-01-12 18:00:00,28485.47,28601.55,28176.91,28542.72,1421.7381,40580275.19
2023-01-12 19:00:00,27896.14,27930.57,27805.75,27841.82,3541.7537,98608863.91
2023-01-12 20:00:00,28942.3,29310.66,28905.16,29035.14,3328.6189,96646905.12
2023-01-12 21:00:00,28025.19,28346.66,27880.75,27907.36,4946.7141,138049737.62
2023-01-12 22:00:00,27829.42,27946.94,27471.18,27828.22,1398.7317,38924220.06
2023-01-12 23:00:00,28143.47,28241.47,27987.37,28161.23,3393.0916,95553620.57
2023-01-13 00:00:00,28373.32,29144.42,28307.14,28325.12,354.9164,10053049.76
2023-01-13 01:00:00,28002.63,28051.89,27925.16,27978.02,656.8656,18377801.67
2023-01-13 02:00:00,27683.06,27980.28,27210.99,27867.16,119.2,3321766.9
2023-01-13 03:00:00,27653.73,27865.71,27573.21,27597.97,4997.3573,137916897.68
2023-01-13 04:00:00,27197.77,27338.17,27175.48,27278.18,4031.1411,109962193.7
2023-01-13 05:00:00,27840.73,27924.49,27561.34,27747.15,3954.9428,109738381.64
2023-01-13 06:00:00,28089.53,28119.91,27801.83,27950.82,2597.6578,72606665.91
2023-01-13 07:00:00,27735.56,28319.09,27409.51,27569.06,1570.3287,43292490.7
2023-01-13 08:00:00,28080.81,28155.48,27992.84,28070.6,841.195,23612847.45
2023-01-13 09:00:00,28252.47,28272.44,28071.9,28248.73,1494.9062,42229209.46
2023-01-13 10:00:00,28550.95,28829.4,28461.42,28713.63,1942.259,55769308.14
2023-01-13 11:00:00,29190.46,29971.2,28881.78,29080.95,3805.9195,110679763.37
2023-01-13 12:00:00,28545.03,28876.23,28363.42,28604.61,2744.3428,78500852.8
2023-01-13 13:00:00,28289.28,28440.9,28227.05,28289.86,479.6698,13569788.29
2023-01-13 14:00:00,28679.39,28744.27,28640.65,28718.33,188.3421,5408871.77
2023-01-13 15:00:00,28878.62,29151.56,28777.0,29074.65,601.4277,17486299.04
2023-01-13 16:00:00,29097.98,29103.19,29004.63,29068.31,2111.4437,61376100.74
2023-01-13 17:00:00,29014.4,29203.23,28995.73,29142.33,4672.6453,136171790.83
2023-01-13 18:00:00,29955.28,30026.82,29683.3,29892.85,3223.2722,96352776.41
2023-01-13 19:00:00,29489.5,29595.41,29345.74,29545.15,4028.9469,119035836.59
2023-01-13 20:00:00,29784.12,30011.25,29638.4,29874.34,2385.2355,71257335.42
2023-01-13 21:00:00,29763.74,29906.54,29698.24,29759.51,1872.1638,55714671.74
2023-01-13 22:00:00,29555.13,29672.99,29437.01,29635.9,631.1618,18705046.93
2023-01-13 23:00:00,30177.78,30584.16,29815.43,30293.09,4392.0718,133049422.29
2023-01-14 00:00:00,30853.46,30912.4,30722.49,30799.24,3937.4841,121271502.78
2023-01-14 01:00:00,31127.16,31564.3,30976.07,31306.51,923.7787,28920282.0
2023-01-14 02:00:00,32328.61,32485.15,31716.34,32130.17,2610.0768,83862199.9
2023-01-14 03:00:00,31914.58,32235.16,31862.72,32150.09,2488.1366,79993812.46
2023-01-14 04:00:00,32487.78,32749.82,32274.0,32595.02,3162.9486,103096361.31
2023-01-14 05:00:00,32476.27,32597.39,32264.24,32399.27,4736.3158,153453184.49
2023-01-14 06:00:00,32555.91,32727.54,32311.58,32615.81,2940.8801,95919177.17
2023-01-14 07:00:00,32342.59,32989.83,32320.11,32537.44,2747.0646,89382438.68
2023-01-14 08:00:00,32516.32,32664.06,32487.93,32607.06,346.5824,11301033.37
2023-01-14 09:00:00,32888.6,33166.41,32753.54,33001.71,408.2466,13472837.5
2023-01-14 10:00:00,32616.99,32638.27,32262.2,32468.26,1017.9993,33052663.17
2023-01-14 11:00:00,33732.69,34183.34,33716.65,33833.48,259.1068,8766482.82
2023-01-14 12:00:00,33274.26,33417.02,32791.01,33159.5,3742.4292,124097082.35
2023-01-14 13:00:00,32435.74,32506.89,32339.48,32360.89,3644.3185,117933406.5
2023-01-14 14:00:00,33087.47,33160.23,33010.41,33116.92,766.6755,25389930.4
2023-01-14 15:00:00,33915.0,33935.91,33122.86,33647.89,4196.7866,141213009.24
2023-01-14 16:00:00,34042.73,34086.55,34008.59,34074.62,858.4516,29251415.05
2023-01-14 17:00:00,34755.49,34822.3,34420.56,34509.65,1575.7604,54378942.72
2023-01-14 18:00:00,34394.52,34524.17,34261.74,34508.1,1319.9868,45550238.82
2023-01-14 19:00:00,33978.4,34025.84,33793.56,33895.75,1924.3048,65225758.34
2023-01-14 20:00:00,33952.57,34126.73,33823.42,33953.92,1347.8525,45764875.08
2023-01-14 21:00:00,33456.62,33694.91,33422.7,33500.87,2495.8595,83613454.54
2023-01-14 22:00:00,34235.0,34477.61,33973.46,34160.91,2096.2986,71611474.09
2023-01-14 23:00:00,34138.2,34217.46,33801.43,34067.27,4934.1905,168094412.92
2023-01-15 00:00:00,33262.93,33734.74,33040.26,33511.64,374.0391,12534663.17
2023-01-15 01:00:00,33115.14,33572.27,32900.63,33302.94,796.6887,26532074.5
2023-01-15 02:00:00,33719.92,33998.07,33565.56,33584.63,358.8469,12051740.94
2023-01-15 03:00:00,33259.78,33468.13,33157.76,33212.7,3166.6219,105172064.09
2023-01-15 04:00:00,32840.52,32948.96,32448.85,32673.18,367.0955,11994176.06
2023-01-15 05:00:00,32901.41,32928.88,32679.51,32838.96,4198.5547,137876151.2
2023-01-15 06:00:00,33302.3,33840.39,32891.72,33006.41,2608.4993,86097202.73
2023-01-15 07:00:00,32803.49,32924.72,32439.73,32678.37,2682.3374,87654401.86
2023-01-15 08:00:00,32291.4,32588.38,32210.99,32377.05,2851.8131,92333284.6
2023-01-15 09:00:00,32307.43,32667.57,31954.61,32533.78,936.9872,30483737.55
2023-01-15 10:00:00,31712.17,31841.84,31477.2,31598.06,1068.6825,33768290.22
2023-01-15 11:00:00,30778.47,30820.46,30188.0,30714.91,1662.2049,51054480.53
2023-01-15 12:00:00,30193.02,30310.81,30153.48,30279.72,3008.1324,91085402.66
2023-01-15 13:00:00,30087.6,30439.09,29862.69,30156.51,1129.5771,34064105.21
2023-01-15 14:00:00,30445.94,30454.88,30293.64,30350.06,670.0255,20335313.58
2023-01-15 15:00:00,31251.89,32064.73,31135.31,31251.67,4853.5727,151682272.57
2023-01-15 16:00:00,31758.21,31843.7,31683.74,31793.99,207.7109,6603958.08
2023-01-15 17:00:00,31677.69,32102.59,31360.82,31698.65,4033.2173,127847532.3
2023-01-15 18:00:00,31641.8,31798.85,31596.54,31692.93,3961.3722,125547497.97
2023-01-15 19:00:00,31024.87,31179.08,30901.16,31063.81,1556.3492,48346131.4
2023-01-15 20:00:00,31022.34,31123.36,30718.9,31058.52,764.5704,23746424.85
2023-01-15 21:00:00,30741.61,31129.75,30649.96,30885.42,813.5804,25127775.04
2023-01-15 22:00:00,31143.48,31236.63,31033.95,31090.95,3517.4149,109359762.97
2023-01-15 23:00:00,30534.12,31091.9,30355.98,30582.78,3249.7523,99386452.63
2023-01-16 00:00:00,31039.06,31230.75,30887.44,30906.56,3935.4538,121631321.85
2023-01-16 01:00:00,31967.14,32003.25,31823.61,31860.17,4693.6577,149540736.17
2023-01-16 02:00:00,31696.92,31995.03,31502.41,31797.24,3490.4441,110986488.92
2023-01-16 03:00:00,32118.13,32325.75,32024.08,32059.07,863.6725,27688534.75
2023-01-16 04:00:00,32495.36,32695.73,32328.77,32507.99,1292.8688,42028560.81
2023-01-16 05:00:00,32409.78,32534.77,31865.37,32253.63,4226.7493,136328005.83
2023-01-16 06:00:00,32231.55,32565.69,32216.54,32404.64,1125.5998,36474651.18
2023-01-16 07:00:00,32491.07,32704.37,32264.06,32419.28,455.3594,14762421.57
2023-01-16 08:00:00,32558.7,32953.73,32292.65,32489.09,3546.0723,115208674.67
2023-01-16 09:00:00,31876.92,32066.89,31773.69,31993.3,2072.3791,66302255.76
2023-01-16 10:00:00,31920.83,32061.25,31880.35,32015.39,4608.1963,147533181.14
2023-01-16 11:00:00,32433.64,32608.49,31761.35,32340.66,3286.2498,106279492.48
2023-01-16 12:00:00,33339.32,33543.71,33059.5,33285.75,543.053,18075925.04
2023-01-16 13:00:00,33823.02,34010.09,33445.05,33931.01,4744.4972,160985562.96
2023-01-16 14:00:00,35453.89,35816.36,35323.7,35398.99,1366.9306,48387955.91
2023-01-16 15:00:00,34796.37,34884.54,34447.26,34862.8,1752.3412,61091518.41
2023-01-16 16:00:00,35614.31,36051.73,35366.9,35478.0,2071.076,73477639.26
2023-01-16 17:00:00,35432.12,36219.94,35405.74,35615.19,350.9991,12500897.83
2023-01-16 18:00:00,37426.6,37712.1,37070.7,37182.12,2532.9256,94179536.51
2023-01-16 19:00:00,36514.03,36606.98,36480.49,36588.47,704.2606,25767817.53
2023-01-16 20:00:00,35951.74,36122.57,35895.15,35981.3,2064.7546,74292563.38
2023-01-16 21:00:00,35383.62,35723.34,35099.42,35557.16,1818.478,64659915.23
2023-01-16 22:00:00,33953.3,34124.23,33879.75,34053.88,3886.9164,132364581.95
2023-01-16 23:00:00,33710.86,33762.79,33429.78,33702.61,4035.5355,136008079.5
2023-01-17 00:00:00,33119.02,33242.32,32888.52,33197.66,851.7231,28275210.86
2023-01-17 01:00:00,33523.52,33939.51,32767.75,33304.15,1896.1008,63148025.07
2023-01-17 02:00:00,33300.57,33717.96,32528.08,33538.45,1929.4305,64710104.41
2023-01-17 03:00:00,34730.68,34890.74,34391.72,34803.63,841.9112,29301567.57
2023-01-17 04:00:00,35431.84,35677.26,35401.74,35472.16,4012.4222,142329272.47
2023-01-17 05:00:00,34767.72,35371.82,34113.09,35069.97,3565.4188,125039137.31
2023-01-17 06:00:00,34203.04,34486.66,34023.54,34446.84,1032.8708,35579131.82
2023-01-17 07:00:00,34755.65,34812.62,34638.3,34792.63,1896.9374,65999437.31
2023-01-17 08:00:00,33877.49,34150.74,33418.26,33880.9,618.4446,20953460.22
2023-01-17 09:00:00,35073.32,35826.46,34849.21,35128.71,3178.2123,111646484.25
2023-01-17 10:00:00,35972.86,36180.71,35732.84,35964.38,694.7224,24985258.11
2023-01-17 11:00:00,35676.6,35811.11,35528.82,35634.1,4931.0774,175714485.64
2023-01-17 12:00:00,34235.09,34433.92,33861.79,34420.3,3925.3422,135111465.42
2023-01-17 13:00:00,35350.07,35386.2,35254.51,35359.2,2012.1689,71148683.66
2023-01-17 14:00:00,35457.21,35633.77,34902.25,35285.27,2934.9633,103560976.51
2023-01-17 15:00:00,36170.01,36178.45,36162.76,36165.86,4565.5749,165117954.09
2023-01-17 16:00:00,35053.31,35077.63,34823.82,35019.82,2815.0865,98583817.81
2023-01-17 17:00:00,34561.27,34758.02,34522.32,34607.02,955.0426,33051180.19
2023-01-17 18:00:00,34802.02,34914.51,34064.41,34617.57,1955.6464,67699734.08
2023-01-17 19:00:00,34782.28,34817.91,34574.26,34657.02,4231.4098,146648071.92
2023-01-17 20:00:00,34366.25,35004.82,34062.97,34352.0,3256.6438,111872216.37
2023-01-17 21:00:00,34977.01,35148.92,34780.56,34786.79,3288.5495,114398079.91
2023-01-17 22:00:00,33927.58,34119.11,33924.61,34050.97,4347.4253,148034028.2
2023-01-17 23:00:00,33754.24,34364.44,33653.18,33960.81,4480.468,152160333.08
2023-01-18 00:00:00,34155.95,34265.79,33779.55,34049.31,4606.9836,156864619.36
2023-01-18 01:00:00,34476.04,34627.32,34339.32,34406.45,564.761,19431421.05
2023-01-18 02:00:00,34709.31,35026.95,34019.67,34903.01,2766.2174,96549317.02
2023-01-18 03:00:00,34059.0,34342.48,33970.44,34124.92,3728.4967,127234664.27
2023-01-18 04:00:00,32856.57,33340.72,32741.11,33084.72,3808.9415,126017757.6
2023-01-18 05:00:00,33833.28,34054.71,33674.74,33936.77,3072.9094,104284609.09
2023-01-18 06:00:00,34237.06,34248.7,34166.29,34169.11,917.2579,31341885.08
2023-01-18 07:00:00,33668.02,33800.14,33524.37,33664.44,4007.3607,134905549.58
2023-01-18 08:00:00,34627.42,35088.92,34341.7,34715.54,3628.5455,125966935.49
2023-01-18 09:00:00,34749.7,35092.04,34708.56,34802.8,522.0653,18169334.69
2023-01-18 10:00:00,35526.28,35691.68,35518.01,35630.62,2372.6681,84539636.16
2023-01-18 11:00:00,35543.52,36054.99,35337.65,35685.86,952.4893,33990398.6
2023-01-18 12:00:00,37195.72,37361.35,37111.37,37163.79,1753.6375,65171814.46
2023-01-18 13:00:00,38757.36,39597.82,38269.33,38475.92,188.5974,7256457.34
2023-01-18 14:00:00,38554.58,38725.22,38096.23,38292.04,2061.6164,78943488.7
2023-01-18 15:00:00,38884.03,39136.26,38869.26,39043.76,2794.3969,109103772.23
2023-01-18 16:00:00,39668.0,39837.34,39249.38,39555.53,3135.9547,124044351.58
2023-01-18 17:00:00,40724.69,40788.9,40448.83,40646.18,3351.1027,136209524.6
2023-01-18 18:00:00,39976.65,40054.97,39517.38,39869.9,4197.8274,167366962.53
2023-01-18 19:00:00,40413.87,40576.9,40310.67,40424.93,1155.7682,46721851.18
2023-01-18 20:00:00,41223.97,41882.51,41008.46,41288.75,690.3609,28504140.1
2023-01-18 21:00:00,39798.08,39890.62,39760.46,39844.69,4272.5321,170237697.37
2023-01-18 22:00:00,38696.1,38956.55,38503.99,38909.72,867.4028,33750402.13
2023-01-18 23:00:00,37128.19,37497.87,37031.44,37330.59,4876.3244,182036044.69
2023-01-19 00:00:00,36974.96,37299.82,36464.14,37136.91,4228.4373,157031093.29
2023-01-19 01:00:00,37668.75,37686.51,37453.74,37677.28,2554.2954,96238908.7
2023-01-19 02:00:00,38909.06,39372.39,38656.37,38816.91,4908.965,190550865.54
2023-01-19 03:00:00,38867.58,39065.94,38472.25,38882.2,577.146,22440704.43
2023-01-19 04:00:00,39927.31,40273.97,39629.02,40156.46,1585.0222,63648879.04
2023-01-19 05:00:00,39259.76,39478.27,38424.54,39056.09,3227.2996,126045704.43
2023-01-19 06:00:00,37849.63,37857.38,37627.06,37733.35,1815.0337,68487303.64
2023-01-19 07:00:00,37895.72,38049.86,37368.98,37698.98,4649.0255,175263512.82
2023-01-19 08:00:00,38215.39,38291.84,37880.73,37996.1,421.5678,16017931.76
2023-01-19 09:00:00,37992.23,38017.86,37945.54,37978.85,2792.118,106041428.77
2023-01-19 10:00:00,36593.29,36777.63,36411.79,36416.06,2995.2447,109075022.88
2023-01-19 11:00:00,36185.44,36400.55,36045.02,36358.44,3298.3678,119923505.12
2023-01-19 12:00:00,35334.3,35605.31,35271.16,35417.14,1352.7645,47911051.27
2023-01-19 13:00:00,35740.81,35943.68,35520.8,35898.58,1886.3755,67718206.31
2023-01-19 14:00:00,35987.01,36344.41,35503.68,36168.97,4234.0346,153140667.53
2023-01-19 15:00:00,35430.45,35516.87,35402.98,35496.31,1055.2196,37456404.58
2023-01-19 16:00:00,35186.96,35328.11,34954.43,35138.61,4151.6525,145883276.1
2023-01-19 17:00:00,34519.51,34950.4,34314.0,34401.25,2857.0116,98284761.16
2023-01-19 18:00:00,34379.23,34484.54,34301.34,34365.0,3834.7188,131780121.7
2023-01-19 19:00:00,34918.32,35080.74,34479.72,35028.34,3596.6761,125985610.98
2023-01-19 20:00:00,34520.07,34639.93,34315.39,34344.78,1116.8063,38356471.63
2023-01-19 21:00:00,34731.17,34877.74,34649.73,34697.88,2887.1824,100179108.53
2023-01-19 22:00:00,34286.81,34643.68,34121.71,34336.84,4351.8434,149428566.11
2023-01-19 23:00:00,33847.64,33946.29,33774.01,33799.22,2217.3696,74945351.75
2023-01-20 00:00:00,33691.66,33758.84,33651.43,33733.62,4836.2948,163145752.17
2023-01-20 01:00:00,32997.84,33153.51,32970.1,33041.92,2315.854,76520266.38
2023-01-20 02:00:00,32950.61,33507.37,32355.42,32682.66,799.6496,26134674.57
2023-01-20 03:00:00,31792.41,32138.87,31736.37,31906.2,2008.2299,64074980.42
2023-01-20 04:00:00,33147.01,33344.98,32676.76,33166.32,4763.3418,157982502.32
2023-01-20 05:00:00,33355.87,33397.66,33104.62,33196.34,1666.6322,55326089.88
2023-01-20 06:00:00,32783.61,32914.39,32633.76,32738.41,4353.681,142532610.12
2023-01-20 07:00:00,32694.75,32971.07,32643.23,32885.07,4418.1283,145290454.71
2023-01-20 08:00:00,32681.0,32879.32,32535.61,32817.77,1815.914,59594242.56
2023-01-20 09:00:00,32395.18,32775.38,32314.57,32679.3,507.9625,16599857.97
2023-01-20 10:00:00,33115.28,33125.27,32985.44,33087.24,3650.3338,120779480.39
2023-01-20 11:00:00,33573.47,33704.71,33507.54,33595.14,1626.4103,54639476.32
2023-01-20 12:00:00,33157.25,33427.95,33037.73,33245.41,3936.3257,130864767.02
2023-01-20 13:00:00,33017.76,33069.92,32766.53,32869.19,2269.0088,74580489.1
2023-01-20 14:00:00,32710.53,33171.28,32645.25,32694.95,2477.807,81011785.45
2023-01-20 15:00:00,31098.52,31199.75,31042.23,31196.27,3911.7561,122032192.28
2023-01-20 16:00:00,30257.34,30293.59,30065.74,30257.14,1973.5803,59714898.75
2023-01-20 17:00:00,31151.31,31268.87,30911.48,31090.35,2271.324,70616250.89
2023-01-20 18:00:00,31957.56,32361.83,31848.32,32119.42,1943.3333,62418733.18
2023-01-20 19:00:00,31845.05,32422.34,31656.1,31965.86,1899.9685,60734134.26
2023-01-20 20:00:00,32523.34,32583.48,31883.84,32340.86,2677.1382,86580950.88
2023-01-20 21:00:00,32523.27,33062.0,32477.69,32548.65,4063.1173,132248980.08
2023-01-20 22:00:00,34586.48,34799.32,34429.94,34559.43,1872.6647,64718220.83
2023-01-20 23:00:00,35317.07,35652.79,35297.62,35340.18,2668.8481,94317564.52
2023-01-21 00:00:00,35010.44,35466.2,34912.37,35256.83,3386.5639,119399514.73
2023-01-21 01:00:00,34456.4,34700.71,34054.9,34590.1,1420.2533,49126698.84
2023-01-21 02:00:00,33469.59,33520.23,33412.24,33485.67,1459.8617,48884451.9
2023-01-21 03:00:00,33456.38,33702.23,33365.87,33628.63,4673.7243,157170954.02
2023-01-21 04:00:00,33043.53,33237.54,32985.0,33126.66,3645.3194,120757244.41
2023-01-21 05:00:00,32395.94,32437.79,31982.79,32190.99,2928.2147,94262135.72
2023-01-21 06:00:00,31963.48,32336.14,31463.13,31781.15,3273.8283,104046038.72
2023-01-21 07:00:00,31232.77,31485.68,30667.3,31100.05,243.5673,7574955.01
2023-01-21 08:00:00,32325.07,32369.56,31841.78,32155.68,3128.7045,100605611.63
2023-01-21 09:00:00,32573.49,32822.58,32505.85,32729.1,2596.5935,84984173.78
2023-01-21 10:00:00,32949.79,32963.27,32525.75,32730.43,2774.1734,90799887.74
2023-01-21 11:00:00,33560.61,33997.66,33541.5,33705.76,1861.1768,62732376.29
2023-01-21 12:00:00,33856.11,34053.73,33649.23,33764.66,499.2221,16856062.42
2023-01-21 13:00:00,33399.61,33430.05,33107.66,33189.79,1047.3622,34761732.55
2023-01-21 14:00:00,34260.0,34485.51,34071.19,34207.47,4758.6491,162781350.55
2023-01-21 15:00:00,34850.26,35061.25,34188.49,34583.01,2102.6279,72715194.7
2023-01-21 16:00:00,33902.38,33922.67,33848.13,33872.5,2386.7475,80845108.67
2023-01-21 17:00:00,33626.95,33857.99,33570.1,33750.33,358.278,12092000.35
2023-01-21 18:00:00,33154.28,33246.62,33039.1,33166.03,284.0745,9421625.25
2023-01-21 19:00:00,32274.35,32403.77,32151.04,32255.43,3614.1891,116577213.21
2023-01-21 20:00:00,32638.49,33128.84,32484.45,32859.36,2736.6639,89925032.0
2023-01-21 21:00:00,34146.17,34206.71,34059.58,34120.78,2592.6593,88463557.18
2023-01-21 22:00:00,33270.07,33283.11,33159.9,33173.2,1291.3102,42836890.7
2023-01-21 23:00:00,33499.47,33603.75,33493.18,33553.34,3749.2786,125800833.5
2023-01-22 00:00:00,33310.94,33537.45,32642.72,33123.43,924.3592,30617948.34
2023-01-22 01:00:00,33022.3,33247.73,32602.14,32807.35,1030.6802,33813886.72
2023-01-22 02:00:00,32573.38,32848.8,32199.62,32425.21,2357.4896,76442104.25
2023-01-22 03:00:00,32009.95,32171.15,31737.97,31871.4,1502.7713,47895420.84
2023-01-22 04:00:00,31915.72,32034.98,31898.46,31908.7,1312.5686,41882357.8
2023-01-22 05:00:00,31633.76,31728.02,31321.38,31384.79,3261.6645,102366656.93
2023-01-22 06:00:00,31682.0,31986.47,31491.55,31560.83,3289.7616,103827613.13
2023-01-22 07:00:00,31452.45,31605.63,31286.08,31535.43,4140.1336,130560909.1
2023-01-22 08:00:00,31385.51,31444.87,31361.58,31391.03,2146.772,67389392.09
2023-01-22 09:00:00,30871.11,31057.75,30804.38,30827.52,458.1169,14122611.58
2023-01-22 10:00:00,30363.31,30741.96,30103.01,30478.08,1440.9653,43917857.85
2023-01-22 11:00:00,31016.28,31088.41,30746.59,30944.63,4902.0268,151691428.76
2023-01-22 12:00:00,31307.58,31349.79,31042.15,31260.84,3021.667,94459842.67
2023-01-22 13:00:00,30600.96,30754.42,30476.29,30655.91,3577.7117,109677994.36
2023-01-22 14:00:00,30735.4,30772.64,30566.92,30722.94,136.0534,4179959.33
2023-01-22 15:00:00,31356.14,31432.69,31077.34,31190.78,2639.2081,82318960.73
2023-01-22 16:00:00,30155.3,30183.24,30120.79,30155.62,283.8904,8560891.06
2023-01-22 17:00:00,30243.34,30679.91,29766.82,30489.36,2889.228,88090702.72
2023-01-22 18:00:00,29879.1,30318.13,29780.77,30091.39,4611.7772,138774806.42
2023-01-22 19:00:00,30394.12,30711.15,30224.32,30440.82,4845.2537,147493473.05
2023-01-22 20:00:00,30085.53,30144.15,29908.57,29982.22,2748.7081,82412367.45
2023-01-22 21:00:00,28852.43,28966.28,28838.9,28905.93,2345.2035,67790284.06
2023-01-22 22:00:00,28024.26,28121.98,27780.25,27970.8,4730.5838,132318195.12
2023-01-22 23:00:00,27873.94,28086.6,27825.63,28003.29,3400.6882,95230457.27
2023-01-23 00:00:00,28080.76,28183.12,28017.27,28154.35,418.0065,11768701.44
2023-01-23 01:00:00,27775.44,27907.92,27454.57,27650.77,2382.0553,65865674.21
2023-01-23 02:00:00,28045.54,28196.07,27940.02,28009.46,1277.2006,35773693.65
2023-01-23 03:00:00,26870.31,27432.91,26394.65,27084.29,2402.0412,65057585.45
2023-01-23 04:00:00,27021.16,27070.61,26852.29,27053.91,2331.7813,63083812.53
2023-01-23 05:00:00,26287.31,26455.1,26081.94,26404.07,2952.5095,77958271.16
2023-01-23 06:00:00,26055.32,26088.04,25992.91,26065.13,1848.1754,48172930.67
2023-01-23 07:00:00,26154.51,26161.39,26094.63,26095.05,904.9252,23614069.56
2023-01-23 08:00:00,25516.8,25956.22,25328.22,25651.22,2568.2252,65878109.54
2023-01-23 09:00:00,25371.88,25767.75,25109.25,25459.06,4167.9941,106113227.5
2023-01-23 10:00:00,25930.96,25985.76,25906.24,25976.54,3353.6599,87116483.72
2023-01-23 11:00:00,25841.99,25926.45,25608.0,25682.02,1758.0025,45149061.77
2023-01-23 12:00:00,26205.57,26291.57,26111.35,26116.4,4684.0628,122330880.03
2023-01-23 13:00:00,25414.5,25662.87,25371.04,25531.55,4569.8171,116674515.38
2023-01-23 14:00:00,25934.64,26050.24,25589.58,25807.19,1125.8072,29053920.45
2023-01-23 15:00:00,26527.9,26586.15,26527.43,26556.41,293.1462,7784909.59
2023-01-23 16:00:00,25220.23,25362.09,25137.54,25248.96,3732.4127,94239540.11
2023-01-23 17:00:00,24924.14,25227.62,24617.86,24851.59,4155.2903,103265590.16
2023-01-23 18:00:00,25265.33,25279.77,25087.82,25143.39,4842.5364,121757772.54
2023-01-23 19:00:00,25206.62,25313.78,24990.91,25046.31,4460.1983,111711519.11
2023-01-23 20:00:00,25274.5,25378.94,24870.27,25237.24,3042.6204,76787334.27
2023-01-23 21:00:00,24906.75,24987.89,24624.31,24937.43,2697.2565,67262636.36
2023-01-23 22:00:00,25034.62,25094.93,24952.5,24985.6,236.4212,5907124.58
2023-01-23 23:00:00,24863.41,24983.44,24854.01,24912.8,1308.6166,32601309.18
2023-01-24 00:00:00,25529.55,25555.37,25379.51,25499.64,2352.1123,59978020.05
2023-01-24 01:00:00,25581.25,25803.29,25535.41,25634.49,3179.6691,81509209.55
2023-01-24 02:00:00,25850.26,25951.2,25805.47,25812.71,2830.534,73063743.3
2023-01-24 03:00:00,25490.64,25686.72,25241.74,25605.24,3738.9163,95735835.44
2023-01-24 04:00:00,25220.49,26021.23,25200.92,25360.65,1470.858,37301916.28
2023-01-24 05:00:00,25332.45,25415.86,24980.12,25146.32,2868.2678,72126392.46
2023-01-24 06:00:00,25160.13,25596.99,24924.38,25349.73,531.897,13483447.41
2023-01-24 07:00:00,25142.68,25322.8,25117.39,25141.37,2126.9611,53474709.4
2023-01-24 08:00:00,25176.84,25547.57,25068.13,25292.1,3775.7881,95497618.44
2023-01-24 09:00:00,26202.33,26364.15,26127.44,26346.99,3497.6642,92152908.22
2023-01-24 10:00:00,26591.97,27125.3,26438.39,26811.29,4954.1494,132827113.36
2023-01-24 11:00:00,26504.01,26708.27,26486.15,26641.83,1461.6665,38941464.1
2023-01-24 12:00:00,27453.81,27591.56,27284.29,27287.2,2541.1276,69340267.21
2023-01-24 13:00:00,26982.56,27161.54,26886.17,27069.96,1714.699,46416829.09
2023-01-24 14:00:00,26061.57,26107.24,25945.2,25971.93,2258.9553,58669432.83
2023-01-24 15:00:00,25480.86,25597.33,25145.57,25453.49,4299.0556,109425959.34
2023-01-24 16:00:00,24475.5,24785.85,24370.67,24506.21,3452.6245,84610756.57
2023-01-24 17:00:00,24375.99,24782.34,24154.7,24338.83,4423.9618,107674058.03
2023-01-24 18:00:00,24354.96,24381.77,24332.21,24352.66,1097.2044,26719850.92
2023-01-24 19:00:00,25222.73,25237.59,25150.88,25174.05,4379.4695,110248978.75
2023-01-24 20:00:00,25305.23,25352.23,25218.04,25343.69,392.8351,9955890.3
2023-01-24 21:00:00,25178.77,25321.1,25036.01,25237.7,4454.1365,112412150.55
2023-01-24 22:00:00,25836.01,26045.54,25319.59,25661.39,1712.4615,43944144.87
2023-01-24 23:00:00,24621.55,24682.74,24515.55,24531.71,1641.4794,40268292.21
2023-01-25 00:00:00,24774.03,24978.4,24577.09,24652.21,2609.234,64323395.98
2023-01-25 01:00:00,25001.7,25208.3,24788.68,25037.22,4709.3819,117909808.92
2023-01-25 02:00:00,24410.79,24605.54,24267.75,24301.83,334.1287,8119938.24
2023-01-25 03:00:00,24854.87,24985.44,24774.62,24862.6,1825.9318,45397403.65
2023-01-25 04:00:00,25035.03,25290.28,25033.42,25035.89,4297.2027,107584279.1
2023-01-25 05:00:00,24740.36,24911.55,24692.24,24832.95,2040.6669,50675782.94
2023-01-25 06:00:00,25173.89,25289.96,24936.38,25152.19,1075.8688,27060461.62
2023-01-25 07:00:00,26188.25,26390.85,26127.49,26299.48,2181.4915,57372099.29
2023-01-25 08:00:00,26332.22,26598.44,26275.88,26400.4,1989.2073,52515873.47
2023-01-25 09:00:00,26707.27,26832.67,26414.46,26536.75,4585.5394,121685292.45
2023-01-25 10:00:00,26186.21,26509.33,26024.35,26298.25,3833.4784,100813790.31
2023-01-25 11:00:00,25674.49,25926.73,25550.35,25856.53,2575.0662,66582265.03
2023-01-25 12:00:00,26207.23,26367.0,26160.65,26291.09,4943.0158,129957265.84
2023-01-25 13:00:00,25982.04,26187.06,25790.81,25846.2,2379.8599,61510333.42
2023-01-25 14:00:00,25889.28,25968.91,25732.07,25888.36,385.3654,9976478.56
2023-01-25 15:00:00,25626.01,25745.93,25546.13,25646.23,1385.1442,35523719.43
2023-01-25 16:00:00,26025.02,26208.83,25811.28,25897.03,2236.7454,57925072.44
2023-01-25 17:00:00,26249.09,26723.23,26058.67,26075.03,868.8229,22654583.38
2023-01-25 18:00:00,26592.34,26656.7,26558.16,26621.32,4743.0691,126266780.81
2023-01-25 19:00:00,26411.35,26514.81,26316.82,26355.1,3857.5596,101666377.66
2023-01-25 20:00:00,26338.97,26847.48,25931.94,26218.12,1414.6073,37088345.79
2023-01-25 21:00:00,25742.19,25806.19,25458.72,25710.14,2994.9422,77000378.64
2023-01-25 22:00:00,25368.49,25747.51,24963.14,25486.82,3635.1009,92647174.42
2023-01-25 23:00:00,25838.68,26224.87,25582.38,25684.24,4712.2668,121031012.47
2023-01-26 00:00:00,26092.75,26225.09,25874.49,26078.24,4420.0132,115266144.08
2023-01-26 01:00:00,25558.93,25791.0,25402.19,25602.48,2624.4419,67192226.6
2023-01-26 02:00:00,26032.76,26102.99,25628.01,26052.88,3895.7978,101496768.55
2023-01-26 03:00:00,26557.07,26862.52,26428.98,26764.46,2854.5093,76399399.64
2023-01-26 04:00:00,26857.4,27024.39,26813.62,26991.12,2808.2491,75797787.6
2023-01-26 05:00:00,28047.43,28077.69,27932.12,28009.65,662.2356,18548990.38
2023-01-26 06:00:00,27355.41,27632.11,27132.31,27581.79,718.0745,19805777.35
2023-01-26 07:00:00,26888.29,26995.82,26816.17,26900.71,2694.7147,72489727.36
2023-01-26 08:00:00,25958.56,26158.56,25925.9,25949.11,1417.4216,36780827.12
2023-01-26 09:00:00,26635.04,26803.44,26567.76,26730.72,203.0808,5428496.46
2023-01-26 10:00:00,27334.12,27536.82,26956.29,27085.9,3641.9121,98644462.6
2023-01-26 11:00:00,26983.24,27179.37,26576.94,27061.2,259.1843,7013840.06
2023-01-26 12:00:00,27165.36,27339.5,27049.87,27218.14,3016.8565,82113231.56
2023-01-26 13:00:00,26573.17,26654.34,26464.8,26610.91,2742.0496,72968440.32
2023-01-26 14:00:00,27845.78,28076.24,27811.48,27917.91,4847.192,135323459.75
2023-01-26 15:00:00,27742.34,28294.93,27605.64,27995.64,2472.6444,69223270.05
2023-01-26 16:00:00,28190.86,28657.44,27839.21,28062.49,411.647,11551842.52
2023-01-26 17:00:00,28615.35,28843.61,28196.83,28475.44,2803.271,79824384.41
2023-01-26 18:00:00,28662.09,28879.13,28654.42,28755.08,4221.3712,121385854.84
2023-01-26 19:00:00,28964.15,29371.61,28761.91,28889.58,4984.5615,144001908.15
2023-01-26 20:00:00,28564.47,28995.38,27955.69,28438.63,2208.6816,62811882.7
2023-01-26 21:00:00,28851.49,28956.11,28616.37,28712.48,1669.4638,47934444.43
2023-01-26 22:00:00,29773.9,29918.09,29721.34,29798.97,4542.6012,135364847.69
2023-01-26 23:00:00,30539.29,30730.32,30230.4,30606.78,1037.0864,31741871.27
2023-01-27 00:00:00,31502.97,31844.14,30919.88,31588.14,3115.6017,98416070.35
2023-01-27 01:00:00,31305.06,31364.85,31204.81,31271.49,2088.0007,65294898.98
2023-01-27 02:00:00,30797.64,31097.95,30657.6,30658.82,301.3036,9237612.2
2023-01-27 03:00:00,30487.2,30697.68,30300.97,30587.82,1801.7135,55110491.25
2023-01-27 04:00:00,30561.17,30701.52,30205.46,30628.03,1399.6198,42867594.47
2023-01-27 05:00:00,31384.88,31483.76,31252.37,31304.41,3461.8467,108371077.75
2023-01-27 06:00:00,30379.29,30556.35,29860.31,30251.04,4749.0734,143664418.83
2023-01-27 07:00:00,31367.18,31605.15,31102.57,31182.5,1413.4312,44074321.45
2023-01-27 08:00:00,31205.88,31383.18,31027.27,31090.2,4076.1831,126729334.14
2023-01-27 09:00:00,30811.31,30834.57,30810.52,30830.98,371.2631,11446404.69
2023-01-27 10:00:00,30250.58,30337.07,29887.96,30213.06,2736.7929,82686892.8
2023-01-27 11:00:00,29282.29,29679.53,28953.32,29219.14,445.6953,13022832.86
2023-01-27 12:00:00,29538.1,29919.32,29416.44,29706.03,4676.7617,138928015.51
2023-01-27 13:00:00,29774.14,30173.75,29650.06,29755.53,3855.1213,114711174.88
2023-01-27 14:00:00,29085.74,29366.91,28650.59,28993.81,3323.9546,96374111.19
2023-01-27 15:00:00,28088.16,28294.32,27803.71,28248.62,4137.0923,116867166.48
2023-01-27 16:00:00,28135.82,28263.72,27882.37,28064.57,3272.847,91851028.0
2023-01-27 17:00:00,29049.21,29365.46,28919.46,29006.99,4847.8275,140620862.81
2023-01-27 18:00:00,29025.0,29058.25,28600.58,28862.19,3598.3939,103857520.86
2023-01-27 19:00:00,27921.41,28081.11,27914.67,28000.28,4630.8272,129664458.32
2023-01-27 20:00:00,27829.82,27869.29,27678.95,27868.26,2633.9463,73403506.51
2023-01-27 21:00:00,27750.02,28148.15,27598.01,27721.83,673.6156,18673857.58
2023-01-27 22:00:00,26142.61,26599.22,26012.83,26232.12,2688.0708,70513800.46
2023-01-27 23:00:00,26296.64,26513.28,26065.91,26208.88,721.6769,18914343.91
2023-01-28 00:00:00,26206.81,26244.75,26087.54,26093.07,3003.218,78363189.22
2023-01-28 01:00:00,26327.41,26591.93,26066.92,26461.62,2464.216,65207135.91
2023-01-28 02:00:00,27449.85,27520.11,27419.28,27445.44,3150.6194,86470121.32
2023-01-28 03:00:00,28071.11,28145.31,27847.01,28069.31,149.2302,4188788.27
2023-01-28 04:00:00,27887.75,27955.69,27819.45,27923.97,1054.7184,29451924.08
2023-01-28 05:00:00,27447.68,27739.71,27302.54,27311.58,2507.5191,68484313.49
2023-01-28 06:00:00,28782.23,28837.06,28624.95,28722.69,4757.4675,136647285.0
2023-01-28 07:00:00,28809.59,28845.22,28737.28,28762.46,1979.6843,56940585.41
2023-01-28 08:00:00,28862.4,28990.81,28734.1,28776.22,2179.4229,62715559.67
2023-01-28 09:00:00,28750.43,29012.15,28498.65,28768.09,3602.0108,103622984.29
2023-01-28 10:00:00,29130.75,29236.81,28820.35,28887.82,3058.5845,88355831.07
2023-01-28 11:00:00,28916.69,28957.22,28526.84,28810.19,1564.7381,45080402.81
2023-01-28 12:00:00,28580.89,28764.58,28311.09,28485.41,2113.0003,60189671.89
2023-01-28 13:00:00,28294.92,28408.5,27952.38,28179.55,1166.729,32877901.87
2023-01-28 14:00:00,28074.18,28409.78,28055.4,28166.73,4833.5051,136144030.97
2023-01-28 15:00:00,28009.86,28345.77,27658.62,27866.23,740.1085,20624034.8
2023-01-28 16:00:00,27417.79,27496.68,27324.94,27474.52,1922.0002,52806032.93
2023-01-28 17:00:00,27491.01,27545.56,27446.99,27538.5,226.611,6240525.27
2023-01-28 18:00:00,27324.3,27621.68,27141.17,27403.57,1186.7195,32520351.85
2023-01-28 19:00:00,28378.68,28556.78,28189.04,28233.35,3924.3086,110796365.2
2023-01-28 20:00:00,26871.54,26992.35,26731.22,26742.08,1085.7586,29035442.75
2023-01-28 21:00:00,27407.18,27773.7,27238.02,27331.21,492.3107,13455446.45
2023-01-28 22:00:00,28067.23,28162.8,27986.16,28017.82,2424.8206,67938178.66
2023-01-28 23:00:00,26878.98,26931.95,26581.95,26861.58,148.8493,3998326.48
2023-01-29 00:00:00,26802.36,26833.29,26533.0,26682.85,515.3542,13751119.02
2023-01-29 01:00:00,26489.43,26536.15,26423.05,26489.97,4057.3668,107479512.29
2023-01-29 02:00:00,25733.07,25764.46,25723.94,25749.57,3880.2194,99913966.79
2023-01-29 03:00:00,25204.85,25547.54,25088.82,25354.15,4584.1802,116227981.26
2023-01-29 04:00:00,24860.62,24960.02,24642.85,24796.06,4287.1256,106303842.55
2023-01-29 05:00:00,25746.87,25865.08,25493.02,25670.01,3447.5603,88498911.97
2023-01-29 06:00:00,26126.85,26269.13,25876.17,26155.52,356.431,9322639.29
2023-01-29 07:00:00,26582.51,27173.35,26556.55,26825.92,3935.9582,105585692.75
2023-01-29 08:00:00,27300.5,27442.07,27146.08,27218.47,4243.003,115488064.04
2023-01-29 09:00:00,26460.5,26629.75,26313.32,26609.3,4015.5025,106849694.57
2023-01-29 10:00:00,26432.52,26451.49,26319.25,26335.48,2591.5473,68249629.6
2023-01-29 11:00:00,26819.01,26948.91,26513.17,26598.5,1241.219,33014564.79
2023-01-29 12:00:00,25941.08,26040.81,25729.44,25953.69,4242.1169,110098565.83
2023-01-29 13:00:00,26210.07,26335.71,25870.93,26328.97,3663.0978,96445608.11
2023-01-29 14:00:00,26271.44,26606.3,26027.31,26207.69,4905.7298,128567844.51
2023-01-29 15:00:00,26117.49,26257.09,25861.47,26016.47,862.8937,22449446.88
2023-01-29 16:00:00,26400.18,26544.47,26319.62,26391.6,1205.7565,31821847.41
2023-01-29 17:00:00,26708.61,26832.9,26614.58,26631.38,1137.8109,30301474.4
2023-01-29 18:00:00,26255.71,26513.93,26159.38,26444.44,3983.4449,105339988.11
2023-01-29 19:00:00,27064.51,27100.16,27031.62,27062.89,1015.8458,27491722.31
2023-01-29 20:00:00,26550.01,26646.03,26252.31,26483.17,426.6332,11298598.26
2023-01-29 21:00:00,26969.73,27031.3,26685.26,26814.7,4992.948,133884422.53
2023-01-29 22:00:00,26994.67,27455.41,26880.92,27138.14,221.6043,6013930.35
2023-01-29 23:00:00,27035.32,27283.07,26932.71,26975.56,4192.6959,113100324.58
2023-01-30 00:00:00,27177.17,27422.58,26871.7,27156.91,1890.2975,51334637.28
2023-01-30 01:00:00,26463.55,26514.28,26444.15,26482.81,4223.9158,111861169.1
2023-01-30 02:00:00,26815.87,27242.43,26551.06,26977.53,2817.6404,76012966.76
2023-01-30 03:00:00,27029.03,27243.73,26578.23,26883.16,4517.993,121457916.97
2023-01-30 04:00:00,26431.04,27039.02,26159.44,26607.48,4638.3456,123414711.8
2023-01-30 05:00:00,27139.85,27248.55,27129.5,27171.04,144.5811,3928418.02
2023-01-30 06:00:00,26760.77,26884.2,26683.53,26793.72,469.5197,12580176.34
2023-01-30 07:00:00,26133.63,26270.37,25949.03,26044.32,1326.7578,34554498.99
2023-01-30 08:00:00,25277.6,25315.74,25190.99,25238.7,3379.6455,85297853.82
2023-01-30 09:00:00,25615.63,25719.92,25397.79,25549.64,4452.5338,113760652.48
2023-01-30 10:00:00,24784.93,24950.61,24559.42,24900.46,2353.7156,58608608.74
2023-01-30 11:00:00,25807.49,25923.09,25700.07,25779.35,3074.1683,79250052.1
2023-01-30 12:00:00,24727.18,24850.67,24564.43,24711.09,1023.6493,25295487.14
2023-01-30 13:00:00,25693.87,25916.15,25219.81,25554.46,4044.3375,103350842.71
2023-01-30 14:00:00,25789.85,25870.05,25572.44,25667.42,4839.9077,124227921.73
2023-01-30 15:00:00,25414.77,25700.05,25258.63,25622.9,1416.1348,36285481.32
2023-01-30 16:00:00,25375.16,25508.66,25333.85,25348.78,2524.6472,63996719.48
2023-01-30 17:00:00,25415.17,25556.25,25342.07,25556.2,521.9689,13339542.46
2023-01-30 18:00:00,25548.94,25632.02,25538.96,25542.07,2839.7696,72533608.13
2023-01-30 19:00:00,26077.86,26145.65,25942.49,26110.8,2563.6389,66938650.55
2023-01-30 20:00:00,26081.61,26683.39,25961.21,26175.67,807.7388,21143103.0
2023-01-30 21:00:00,26232.22,26354.04,26196.53,26259.59,2266.1244,59507497.51
2023-01-30 22:00:00,26114.95,26176.14,26004.58,26073.88,1737.1128,45293262.24
2023-01-30 23:00:00,26001.12,26109.96,25854.82,26049.39,2656.9713,69212492.26
2023-01-31 00:00:00,26277.25,26284.46,26064.07,26214.96,2969.7062,77850745.2
2023-01-31 01:00:00,25278.85,25553.63,25014.68,25323.57,141.6283,3586534.76
2023-01-31 02:00:00,24589.14,24719.46,24579.0,24645.82,3828.9293,94367084.74
2023-01-31 03:00:00,25123.29,25557.34,24954.15,25017.11,3593.77,89905745.39
2023-01-31 04:00:00,25002.98,25155.5,24998.12,25107.61,1894.8033,47573974.65
2023-01-31 05:00:00,24997.69,25171.82,24979.71,25020.24,359.3861,8991926.07
2023-01-31 06:00:00,25122.92,25492.32,24743.45,25034.47,3799.1694,95110187.6
2023-01-31 07:00:00,25189.07,25232.32,25110.57,25213.51,4780.3583,120529591.41
2023-01-31 08:00:00,24821.57,25101.7,24714.27,24946.36,1276.7428,31850090.92
2023-01-31 09:00:00,24535.47,24614.99,24422.16,24563.04,1685.2706,41395362.0
2023-01-31 10:00:00,24839.14,24839.61,24546.93,24664.16,1000.6832,24681008.86
2023-01-31 11:00:00,24254.08,24394.6,23971.73,24186.48,2926.987,70793504.81
2023-01-31 12:00:00,24425.8,24543.64,24205.44,24388.8,858.7228,20943218.19
2023-01-31 13:00:00,23609.37,23755.05,23493.08,23563.2,1845.3503,43482353.06
2023-01-31 14:00:00,23995.2,24140.52,23929.88,24052.91,3515.3638,84554740.66
2023-01-31 15:00:00,24258.34,24538.08,24069.5,24285.07,2844.5683,69080543.59
2023-01-31 16:00:00,24487.55,24719.64,24304.1,24414.28,1993.6666,48673937.81
2023-01-31 17:00:00,24704.66,25038.94,24656.05,24899.0,2159.223,53762492.08
2023-01-31 18:00:00,25652.59,25987.77,25566.6,25733.35,2854.3433,73451820.12
2023-01-31 19:00:00,26200.4,26441.06,26113.57,26260.56,128.7372,3380710.22
2023-01-31 20:00:00,25287.42,25414.92,25146.4,25298.97,484.6984,12262366.89
2023-01-31 21:00:00,24742.68,24756.03,24611.49,24656.59,4418.1645,108936852.2
2023-01-31 22:00:00,24265.14,24404.7,24054.59,24353.4,481.607,11728768.62
2023-01-31 23:00:00,24374.97,24566.82,24337.08,24370.98,3563.3376,86842022.45
2023-02-01 00:00:00,24487.93,24782.58,24282.1,24628.17,4608.187,113491209.4
2023-02-01 01:00:00,24428.94,24468.46,24244.37,24275.62,1426.3497,34625522.41
2023-02-01 02:00:00,24250.04,24531.88,23944.94,24371.15,1915.408,46680701.95
2023-02-01 03:00:00,23992.28,24107.08,23909.57,24007.84,2887.7149,69327785.22
2023-02-01 04:00:00,23820.02,24024.84,23580.18,23719.01,4420.374,104846907.67
2023-02-01 05:00:00,23131.18,23428.59,23051.48,23056.46,4715.3374,108719009.54
2023-02-01 06:00:00,22624.83,22654.71,22621.6,22635.35,3723.8599,84290857.81
2023-02-01 07:00:00,21975.16,22301.55,21703.01,22027.96,524.4368,11552271.45
2023-02-01 08:00:00,21573.34,21698.89,21439.74,21602.43,3378.8554,72991492.74
2023-02-01 09:00:00,22029.6,22071.39,21991.09,22061.98,2110.4882,46561542.64
2023-02-01 10:00:00,21571.73,21714.23,21310.02,21647.48,2406.4349,52093243.91
2023-02-01 11:00:00,22786.75,22839.16,22780.11,22791.5,340.8271,7767959.44
2023-02-01 12:00:00,22981.03,23057.83,22959.57,23020.92,1036.2045,23854382.95
2023-02-01 13:00:00,23016.39,23127.73,22645.52,23110.63,3973.5167,91830467.81
2023-02-01 14:00:00,22781.72,22901.44,22637.01,22718.51,2324.3983,52806858.36
2023-02-01 15:00:00,23203.57,23232.26,22917.25,23041.25,1578.145,36362433.87
2023-02-01 16:00:00,22808.77,22819.45,22749.73,22780.59,1981.6935,45144147.11
2023-02-01 17:00:00,22732.75,23112.45,22691.38,22840.74,4286.5576,97908129.35
2023-02-01 18:00:00,23864.3,24096.01,23759.45,24014.79,3770.0952,90538036.93
2023-02-01 19:00:00,24116.11,24270.9,23865.98,23973.45,1434.3454,34386214.4
2023-02-01 20:00:00,24499.78,24613.23,24477.41,24529.29,675.759,16575888.62
2023-02-01 21:00:00,24064.03,24448.15,23937.49,24189.23,1334.7913,32287569.53
2023-02-01 22:00:00,24218.08,24588.81,24119.97,24177.14,4611.7066,111497867.32
2023-02-01 23:00:00,25075.04,25276.78,24860.3,25038.23,2949.7853,73857406.75
2023-02-02 00:00:00,24750.5,24801.17,24686.64,24729.28,2714.053,67116566.33
2023-02-02 01:00:00,25530.51,26051.02,25078.99,25630.63,3022.3286,77464195.19
2023-02-02 02:00:00,25897.45,26053.39,25842.65,25998.56,1893.5385,49229277.03
2023-02-02 03:00:00,25817.46,25837.75,25707.6,25711.29,4054.8244,104254784.62
2023-02-02 04:00:00,25993.17,26080.59,25927.76,26041.64,2664.1026,69377594.14
2023-02-02 05:00:00,26599.91,26617.23,26523.88,26553.38,672.0647,17845592.55
2023-02-02 06:00:00,26979.77,26996.79,26505.92,26888.92,732.4191,19693957.18
2023-02-02 07:00:00,26086.52,26285.65,25958.89,26049.86,2730.6098,71132010.5
2023-02-02 08:00:00,25637.45,25826.62,25524.26,25676.24,4689.1941,120400853.92
2023-02-02 09:00:00,25447.99,25973.77,25416.58,25554.26,1610.9254,41166013.48
2023-02-02 10:00:00,25566.68,25957.34,25290.46,25521.33,4360.7517,111292198.75
2023-02-02 11:00:00,26014.1,26253.05,25692.5,25843.25,3844.0684,99343201.82
2023-02-02 12:00:00,26039.71,26070.86,25676.27,25940.26,1314.281,34092791.82
2023-02-02 13:00:00,25135.55,25395.99,24832.11,25252.67,278.0697,7022000.35
2023-02-02 14:00:00,25276.02,25577.05,25201.72,25449.74,599.0516,15245705.33
2023-02-02 15:00:00,25955.6,26111.16,25599.75,25765.61,3669.6203,94550009.79
2023-02-02 16:00:00,26092.56,26245.11,26048.16,26059.23,1078.3817,28101798.6
2023-02-02 17:00:00,26688.7,26783.45,26613.71,26627.73,1919.2275,51104670.94
2023-02-02 18:00:00,26980.87,27111.58,26872.9,27077.16,2558.3259,69272210.54
2023-02-02 19:00:00,27375.86,27637.44,27280.84,27331.25,3654.794,99890072.41
2023-02-02 20:00:00,27370.18,27567.63,27189.9,27298.36,654.833,17875865.06
2023-02-02 21:00:00,26456.26,26549.06,26330.45,26396.99,2091.1954,55201257.2
2023-02-02 22:00:00,26612.98,26700.61,26552.84,26629.08,2476.8573,65956427.08
2023-02-02 23:00:00,26552.53,26760.53,26267.99,26745.02,2750.0526,73550199.16
2023-02-03 00:00:00,26934.29,27135.11,26861.64,26895.63,4109.9671,110540163.32
2023-02-03 01:00:00,26144.94,26233.75,26062.8,26214.23,941.2232,24673441.99
2023-02-03 02:00:00,25631.47,25989.15,25521.61,25652.69,4058.3741,104108226.55
2023-02-03 03:00:00,26431.52,26636.24,25989.07,26198.15,3495.1043,91565259.64
2023-02-03 04:00:00,26161.36,26190.46,26127.16,26182.66,2823.767,73933737.23
2023-02-03 05:00:00,26660.67,26673.58,26453.91,26544.77,3527.6866,93641624.22
2023-02-03 06:00:00,26488.11,26808.96,26384.3,26565.11,2118.8869,56288468.02
2023-02-03 07:00:00,26663.69,26974.92,26281.39,26586.23,778.1482,20688029.65
2023-02-03 08:00:00,27267.03,27360.6,26923.76,27090.46,3362.2497,91084891.3
2023-02-03 09:00:00,26661.28,27106.17,26473.58,26816.28,2670.8943,71623451.02
2023-02-03 10:00:00,26648.99,27391.09,26402.73,26873.2,3232.9365,86879336.4
2023-02-03 11:00:00,26610.77,26689.02,26473.44,26630.11,1756.194,46767647.53
2023-02-03 12:00:00,26202.6,26525.52,26082.13,26404.03,4543.6462,119970555.71
2023-02-03 13:00:00,26330.76,26427.92,26063.23,26246.04,2978.1124,78163654.79
2023-02-03 14:00:00,26448.44,26467.44,26282.46,26367.89,518.4722,13671017.97
2023-02-03 15:00:00,26094.09,26140.62,26023.8,26120.69,2304.0396,60183110.26
2023-02-03 16:00:00,26672.74,26880.6,26644.41,26781.94,3806.1447,101935944.69
2023-02-03 17:00:00,26291.28,26632.92,26182.65,26308.11,3991.2594,105002496.86
2023-02-03 18:00:00,26319.65,26479.31,26188.08,26215.05,2523.5256,66154344.95
2023-02-03 19:00:00,25752.51,26020.23,25659.51,25989.74,4484.2631,116544832.47
2023-02-03 20:00:00,26768.97,26796.21,26680.85,26747.07,1411.5753,37755503.98
2023-02-03 21:00:00,26917.67,27460.61,26625.15,26857.56,2111.9336,56721392.98
2023-02-03 22:00:00,27444.04,27509.83,27352.04,27417.19,4503.1249,123463041.07
2023-02-03 23:00:00,26552.96,26651.14,26546.43,26608.08,4491.6579,119514384.12
2023-02-04 00:00:00,26799.98,27006.81,26645.59,26755.51,3459.9926,92573877.91
2023-02-04 01:00:00,27032.03,27445.52,26405.73,27236.92,4309.0047,117363995.08
2023-02-04 02:00:00,27165.62,27398.38,27125.1,27287.19,534.989,14598344.48
2023-02-04 03:00:00,27950.74,27965.66,27812.33,27874.12,4338.4754,120931194.21
2023-02-04 04:00:00,27667.76,27802.35,27549.36,27591.32,1671.0375,46106128.33
2023-02-04 05:00:00,28178.22,28416.5,27784.65,28374.55,973.8244,27631830.81
2023-02-04 06:00:00,29638.13,29804.78,29605.58,29684.83,1272.9122,37786182.68
2023-02-04 07:00:00,29321.84,29618.38,28725.64,29475.35,2148.0457,63314401.34
2023-02-04 08:00:00,29104.41,29369.94,28763.16,29218.62,1330.8408,38885331.64
2023-02-04 09:00:00,29978.29,30088.39,29772.88,30073.78,1670.7812,50246707.06
2023-02-04 10:00:00,30765.07,31158.75,30385.12,31029.87,761.3946,23625974.81
2023-02-04 11:00:00,30697.38,30783.94,30533.74,30711.59,1551.2662,47641850.48
2023-02-04 12:00:00,30599.73,31134.25,30188.59,30459.64,2904.1907,88460604.43
2023-02-04 13:00:00,30342.63,30584.67,30036.37,30294.07,2265.0832,68618591.0
2023-02-04 14:00:00,29559.56,29613.63,29410.55,29485.55,1798.9219,53042207.02
2023-02-04 15:00:00,28858.9,29099.8,28767.37,28949.71,3757.6154,108781878.57
2023-02-04 16:00:00,28607.63,28722.51,28347.6,28374.11,4478.1989,127064901.07
2023-02-04 17:00:00,28052.02,28227.63,27867.08,27944.07,3808.2672,106418492.82
2023-02-04 18:00:00,27993.62,28042.05,27745.37,27930.28,1726.8034,48230096.91
2023-02-04 19:00:00,28113.74,28211.77,27904.27,28066.7,3747.7666,105187425.82
2023-02-04 20:00:00,29110.43,29211.68,28898.71,28942.66,844.7029,24447946.71
2023-02-04 21:00:00,28386.76,28404.69,28267.7,28370.55,738.5581,20953297.6
2023-02-04 22:00:00,28797.8,29453.86,28671.45,28934.74,1793.5725,51896544.83
2023-02-04 23:00:00,28878.45,29113.56,28632.67,28816.69,4057.7416,116930673.7
2023-02-05 00:00:00,28837.24,28888.38,28689.35,28793.94,1307.1064,37636748.39
2023-02-05 01:00:00,29299.24,29596.75,29124.79,29188.32,409.9417,11965508.3
2023-02-05 02:00:00,28543.53,28687.12,28500.78,28538.75,745.3767,21272117.78
2023-02-05 03:00:00,28540.88,28837.96,28412.33,28762.72,4307.8503,123905513.76
2023-02-05 04:00:00,28799.92,28900.53,28461.4,28864.23,3205.5381,92525387.82
2023-02-05 05:00:00,29315.13,29432.51,29111.63,29154.29,1340.6857,39086735.76
2023-02-05 06:00:00,29367.5,29399.86,29202.04,29328.73,2820.9495,82734861.94
2023-02-05 07:00:00,30786.27,31023.76,30673.12,30774.81,2685.1401,82634678.92
2023-02-05 08:00:00,30303.67,30515.95,29948.56,30388.44,3311.6363,100635456.81
2023-02-05 09:00:00,30003.26,30369.01,29804.93,30071.79,1242.619,37367781.98
2023-02-05 10:00:00,29842.64,29862.33,29547.95,29703.03,4335.5746,128779696.6
2023-02-05 11:00:00,29429.68,29552.27,29363.77,29378.98,1615.906,47473671.87
2023-02-05 12:00:00,29113.83,29183.64,28923.78,29010.34,3501.2451,101572318.1
2023-02-05 13:00:00,29682.39,29813.06,29295.05,29706.02,179.0108,5317697.37
2023-02-05 14:00:00,30595.82,30669.0,30480.08,30555.91,1926.0199,58851294.52
2023-02-05 15:00:00,30155.4,30357.45,30098.23,30213.23,1823.3781,55090140.54
2023-02-05 16:00:00,29812.04,29841.79,29448.46,29716.31,2763.0737,82108351.22
2023-02-05 17:00:00,29964.65,30148.67,29887.29,30002.43,456.4077,13693338.02
2023-02-05 18:00:00,29665.97,29960.03,29543.52,29677.07,3971.6437,117866735.09
2023-02-05 19:00:00,30097.27,30362.56,30021.36,30058.67,1167.1259,35082256.75
2023-02-05 20:00:00,30280.57,30397.73,30062.16,30186.68,3417.4853,103162523.89
2023-02-05 21:00:00,29147.16,29333.9,28947.73,29277.61,4035.7394,118156798.47
2023-02-05 22:00:00,30304.86,30308.2,29914.3,30189.61,2853.1971,86136904.7
2023-02-05 23:00:00,31174.57,31577.44,31006.49,31279.98,3730.3277,116684590.88
2023-02-06 00:00:00,30877.29,31289.8,30606.08,30902.88,3343.1155,103311896.41
2023-02-06 01:00:00,30459.56,31085.89,30053.62,30669.44,1842.096,56496049.61
2023-02-06 02:00:00,30787.79,30875.78,30654.02,30850.92,4063.4068,125359834.11
2023-02-06 03:00:00,31064.9,31345.03,30745.19,31063.45,1544.0367,47963114.73
2023-02-06 04:00:00,31310.18,31512.1,31200.0,31478.8,2898.9433,91255258.48
2023-02-06 05:00:00,32744.93,33181.6,32372.13,32750.67,3752.4489,122895227.92
2023-02-06 06:00:00,32843.64,32941.18,32439.98,32641.32,1956.884,63875276.28
2023-02-06 07:00:00,32039.3,32141.31,31993.05,32126.7,1583.5613,50874596.74
2023-02-06 08:00:00,31371.99,31479.53,31221.45,31246.87,2350.7954,73454988.09
2023-02-06 09:00:00,30768.85,30829.58,30709.94,30796.33,4108.0211,126511969.77
2023-02-06 10:00:00,30855.14,30876.66,30706.01,30782.08,4656.6166,143340366.51
2023-02-06 11:00:00,31846.82,31900.84,31723.08,31893.05,2770.9087,88372717.9
2023-02-06 12:00:00,31487.31,31575.55,31331.49,31569.26,3341.1844,105478719.45
2023-02-06 13:00:00,31524.79,32016.86,31370.86,31716.87,4526.0407,143551847.5
2023-02-06 14:00:00,31598.28,31808.39,31485.52,31712.8,582.8796,18484740.98
2023-02-06 15:00:00,32293.68,32839.04,32147.15,32472.88,1237.185,40174966.1
2023-02-06 16:00:00,34172.0,34325.29,34048.22,34120.51,3573.61,121933412.21
2023-02-06 17:00:00,33953.79,34474.33,33578.03,33765.07,4136.3479,139664067.33
2023-02-06 18:00:00,33603.2,33900.49,33081.94,33441.3,4299.4422,143778946.34
2023-02-06 19:00:00,34226.57,34526.93,33918.02,34146.35,2134.0252,72869175.04
2023-02-06 20:00:00,34489.67,34668.97,34291.59,34618.86,537.7655,18616831.26
2023-02-06 21:00:00,35842.42,36287.13,35800.4,35904.41,2245.1292,80610030.84
2023-02-06 22:00:00,36292.91,36366.98,36208.5,36330.9,1230.5995,44708785.09
2023-02-06 23:00:00,35990.86,36088.16,35895.44,36077.1,1526.8626,55084770.38
2023-02-07 00:00:00,36518.6,36791.59,36501.33,36510.49,3884.111,141810812.85
2023-02-07 01:00:00,37352.7,37536.12,36759.65,37327.38,470.0827,17546957.57
2023-02-07 02:00:00,37849.25,38471.96,37705.03,37947.38,4155.148,157676966.54
2023-02-07 03:00:00,38247.52,38550.17,38064.82,38339.96,2195.5785,84178394.63
2023-02-07 04:00:00,39382.08,39686.74,38875.2,39165.55,3020.7133,118307909.03
2023-02-07 05:00:00,40262.98,40742.52,40088.91,40089.31,539.2959,21620001.58
2023-02-07 06:00:00,41135.0,41265.52,41062.46,41205.52,1753.0595,72235733.54
2023-02-07 07:00:00,42069.82,42152.74,41376.43,41748.37,539.5345,22524687.73
2023-02-07 08:00:00,41901.01,42056.51,41432.49,41617.18,4811.5642,200243757.28
2023-02-07 09:00:00,41650.65,41897.43,41522.3,41747.62,4055.5821,169310916.86
2023-02-07 10:00:00,42721.86,42836.24,42599.78,42763.35,2352.2005,100587976.47
2023-02-07 11:00:00,42075.98,42552.51,41660.15,42073.21,1195.6525,50304933.33
2023-02-07 12:00:00,42614.48,42820.26,42188.66,42391.85,4673.93,198136521.27
2023-02-07 13:00:00,42351.29,42369.46,41659.86,42066.84,1788.5233,75237519.23
2023-02-07 14:00:00,41878.58,42150.32,41275.74,42099.43,888.8237,37418975.88
2023-02-07 15:00:00,43134.7,43266.75,42858.65,43184.3,2859.5055,123485733.52
2023-02-07 16:00:00,43403.46,43906.45,42949.51,43357.98,4724.4932,204844495.13
2023-02-07 17:00:00,43407.83,43498.51,43211.4,43406.92,118.7684,5155371.75
2023-02-07 18:00:00,42088.46,42245.89,41709.29,42235.06,1266.8117,53503870.04
2023-02-07 19:00:00,42960.49,42966.67,42824.02,42873.87,4698.3934,201438303.48
2023-02-07 20:00:00,43559.66,43735.1,43361.09,43435.93,938.3212,40756857.08
2023-02-07 21:00:00,45611.36,46195.2,45162.48,45323.88,654.8929,29682286.79
2023-02-07 22:00:00,45202.66,45269.6,44910.84,45053.95,2893.9174,130382405.49
2023-02-07 23:00:00,45461.36,45486.04,45152.98,45260.43,4323.0347,195662418.33
2023-02-08 00:00:00,45469.28,45602.0,45328.88,45495.23,2437.8381,110910000.62
2023-02-08 01:00:00,47036.49,47270.2,46909.21,46939.66,4973.3649,233448050.67
2023-02-08 02:00:00,46600.02,47326.09,46146.44,46859.58,3427.9413,160631905.17
2023-02-08 03:00:00,47270.18,47622.95,46704.85,47130.45,462.967,21819846.45
2023-02-08 04:00:00,47632.24,47928.14,47558.17,47712.89,4964.8774,236888639.41
2023-02-08 05:00:00,48081.13,48894.9,47464.85,47900.5,2098.6818,100527912.71
2023-02-08 06:00:00,47278.25,47646.52,47211.09,47482.4,1508.2724,71616387.47
2023-02-08 07:00:00,47501.69,47784.68,47293.42,47676.21,2833.608,135095687.78
2023-02-08 08:00:00,48425.12,49047.41,48247.81,48709.48,1591.1072,77502001.6
2023-02-08 09:00:00,47500.02,47812.59,47424.31,47719.2,523.6418,24987766.9
2023-02-08 10:00:00,48045.03,48598.91,47704.86,47855.65,106.9989,5120500.75
2023-02-08 11:00:00,47268.49,47618.38,47053.41,47195.12,2302.9584,108688408.83
2023-02-08 12:00:00,48343.8,48532.79,48149.24,48332.57,4200.6308,203027283.14
2023-02-08 13:00:00,46661.76,47635.89,46331.68,46869.85,2904.3444,136126176.16
2023-02-08 14:00:00,46230.81,46499.61,46156.63,46355.29,4996.1158,231596388.53
2023-02-08 15:00:00,46520.45,47042.61,46102.25,46714.28,1505.5486,70330609.69
2023-02-08 16:00:00,48102.74,48258.96,47955.28,48186.26,1474.2298,71037627.61
2023-02-08 17:00:00,48358.88,48698.79,47801.2,48132.54,882.7724,42490072.48
2023-02-08 18:00:00,47490.57,47652.55,47176.1,47607.7,903.9116,43033151.12
2023-02-08 19:00:00,49307.75,50122.32,49044.02,49408.37,1497.4143,73984804.37
2023-02-08 20:00:00,47808.24,48403.07,47796.19,47987.37,3984.9162,191225664.57
2023-02-08 21:00:00,45765.66,46115.79,45645.58,45886.67,4538.2083,208243278.5
2023-02-08 22:00:00,46314.04,46873.81,46236.86,46299.67,4877.9271,225846397.89
2023-02-08 23:00:00,45872.29,46115.96,45720.05,45844.03,1238.2193,56764959.58
2023-02-09 00:00:00,44704.75,44959.92,44496.17,44916.85,4418.358,198458711.59
2023-02-09 01:00:00,45203.81,46064.16,44847.91,45562.17,1708.4499,77840692.82
2023-02-09 02:00:00,45718.51,46514.09,45463.22,45793.45,652.9187,29899397.05
2023-02-09 03:00:00,45118.69,45787.75,44918.04,45285.98,4363.1221,197588281.52
2023-02-09 04:00:00,43907.89,44410.9,43819.98,44135.44,3216.9176,141980089.68
2023-02-09 05:00:00,45075.09,45217.03,44861.4,44914.4,907.1814,40745505.83
2023-02-09 06:00:00,45540.18,45547.08,45476.65,45507.45,2206.1732,100397311.6
2023-02-09 07:00:00,45448.49,45479.78,45276.74,45426.29,1507.5627,68482973.4
2023-02-09 08:00:00,47045.95,47244.95,46631.39,47113.09,3710.2934,174803377.5
2023-02-09 09:00:00,46096.12,46298.89,45848.55,46114.21,2321.7395,107065184.97
2023-02-09 10:00:00,44741.6,45011.8,44156.94,44716.47,4947.4717,221233448.38
2023-02-09 11:00:00,44279.3,44752.87,43843.91,44106.62,368.2504,16242279.2
2023-02-09 12:00:00,44234.13,44775.16,43929.71,44075.22,1839.5748,81079670.51
2023-02-09 13:00:00,44112.07,44387.47,43946.13,44298.54,2461.3108,109032483.86
2023-02-09 14:00:00,44093.7,44183.9,44080.48,44093.67,2565.3544,113115903.67
2023-02-09 15:00:00,44344.65,44981.92,44322.38,44412.96,1648.0855,73196359.9
2023-02-09 16:00:00,43534.57,43871.2,43185.82,43310.15,3673.2772,159090198.71
2023-02-09 17:00:00,44608.79,44614.16,44534.78,44569.41,4386.2607,195493042.82
2023-02-09 18:00:00,44514.36,44590.14,44306.44,44505.09,4699.7246,209161682.88
2023-02-09 19:00:00,45182.17,46173.65,44826.09,45508.5,4044.9575,184079957.99
2023-02-09 20:00:00,45902.35,46021.82,45528.77,45829.54,4267.843,195593288.04
2023-02-09 21:00:00,45948.56,47270.4,45558.87,46257.36,2797.672,129412929.74
2023-02-09 22:00:00,46655.21,47576.62,46621.43,46793.73,4146.8523,194046702.81
2023-02-09 23:00:00,46993.11,47232.44,46896.8,47222.09,1587.1692,74949447.19
2023-02-10 00:00:00,47955.81,48151.34,47531.59,47838.55,2052.5459,98190821.85
2023-02-10 01:00:00,48954.51,49154.44,48853.17,49119.81,1652.8738,81188849.68
2023-02-10 02:00:00,49270.67,49349.91,49141.34,49322.7,2390.1979,117891011.82
2023-02-10 03:00:00,50260.0,50634.37,49843.1,50031.96,1499.3401,75014928.35
2023-02-10 04:00:00,49706.87,50048.74,49262.95,49952.18,4811.8961,240364677.51
2023-02-10 05:00:00,51406.53,51679.38,50781.11,51400.91,1632.9387,83934527.19
2023-02-10 06:00:00,50640.56,51736.95,50222.62,50715.84,580.4182,29436399.87
2023-02-10 07:00:00,52257.67,52918.42,52190.53,52552.71,2681.4041,140915052.44
2023-02-10 08:00:00,52737.91,53092.93,52227.68,52521.01,379.7855,19946718.07
2023-02-10 09:00:00,50710.4,51047.67,50499.73,51028.6,641.6615,32743089.62
2023-02-10 10:00:00,51151.27,51250.87,50848.64,51169.55,1175.008,60124627.21
2023-02-10 11:00:00,50530.4,50951.79,50000.67,50482.8,2375.3162,119912610.62
2023-02-10 12:00:00,51398.11,51447.41,51022.51,51341.66,2222.9296,114128885.12
2023-02-10 13:00:00,50803.06,51093.67,50677.24,50681.79,4018.4901,203664266.05
2023-02-10 14:00:00,50158.3,50288.7,50059.97,50239.66,3723.4258,187063636.18
2023-02-10 15:00:00,48095.99,48692.64,48018.11,48351.11,2188.9596,105838623.12
2023-02-10 16:00:00,48055.26,48149.92,47684.68,47923.39,1735.1506,83154295.56
2023-02-10 17:00:00,45633.8,45699.23,45412.72,45609.76,1650.697,75287899.39
2023-02-10 18:00:00,44459.99,45000.21,43855.32,44174.06,3892.5759,171950864.83
2023-02-10 19:00:00,45056.66,45146.83,44785.1,44854.7,355.1548,15930362.37
2023-02-10 20:00:00,45821.34,46127.54,45135.42,45568.61,162.8261,7419758.23
2023-02-10 21:00:00,45956.85,46150.22,45429.9,45965.47,3998.1675,183777664.13
2023-02-10 22:00:00,44976.87,45352.45,44791.58,45085.72,2438.0172,109919754.2
2023-02-10 23:00:00,45131.36,45277.01,44938.12,45051.71,741.3176,33397625.79
2023-02-11 00:00:00,45038.13,45479.48,44996.53,45057.48,1254.2731,56514379.12
2023-02-11 01:00:00,43877.31,44328.21,43651.33,44022.63,4669.2694,205553506.97
2023-02-11 02:00:00,45549.71,46076.11,45353.47,45355.1,4311.5646,195551455.93
2023-02-11 03:00:00,46260.42,46420.87,46057.17,46160.03,3577.9467,165158133.54
2023-02-11 04:00:00,45954.27,45976.9,45923.55,45965.27,2462.9036,113208027.75
2023-02-11 05:00:00,45820.55,46271.46,45569.4,45999.18,2649.5858,121878768.24
2023-02-11 06:00:00,46098.65,46514.64,45636.79,46200.09,4878.6982,225396281.94
2023-02-11 07:00:00,44456.9,44659.76,44119.72,44322.76,4832.2752,214179774.61
2023-02-11 08:00:00,44329.28,44663.67,43988.52,44112.51,1154.8183,50941938.62
2023-02-11 09:00:00,43417.17,43588.13,43230.57,43519.65,4074.4124,177317020.72
2023-02-11 10:00:00,42394.97,42979.25,42209.64,42656.56,1066.4891,45492750.22
2023-02-11 11:00:00,42572.72,42690.75,42386.93,42425.27,1146.3336,48633516.15
2023-02-11 12:00:00,43919.7,44369.48,43822.47,43959.1,3412.8559,150026084.28
2023-02-11 13:00:00,44555.02,44974.97,43914.9,44531.31,2084.5054,92825761.38
2023-02-11 14:00:00,44136.26,44277.17,44030.6,44031.51,4664.5676,205387964.6
2023-02-11 15:00:00,44445.8,44675.16,44427.79,44544.55,536.1477,23882459.22
